,Date,Merchant,Method,金額 (USD),金額 (JPY),Notes,備考,月,Category,,,,,,,,,,,,,,,,,,,,,,,,,,
2025-01,,,,"-$7,101.07","-¥304,911",,,,,,,,,,,,,,,,,,,,,,,,,,,,,,
給料,,,,$0.00,"¥850,236",¥0,,,,,,,,,,,,,,,,,,,,,,,,,,,,,
,1/23,facebook,prestia,,"¥850,236",,,2025-01,給料,,,,,,,,,,,,,,,,,,,,,,,,,,
経費,,,,"-$6,770.27","-¥142,148",¥0,,,,,,,,,,,,,,,,,,,,,,,,,,,,,
,1/3,Fastmail,USAA,-$100.00,,,,2025-01,経費,,,,,,,,,,,,,,,,,,,,,,,,,,
,1/6,Docomo,ゆうちょ,,"-¥3,016",,,2025-01,経費,,,,,,,,,,,,,,,,,,,,,,,,,,
,1/6,Kidsna sitter,prestia,,"-¥26,925",,,2025-01,経費,,,,,,,,,,,,,,,,,,,,,,,,,,
,1/7,California Franchise Tax Board,USAA,"-$12,000.00",,???,,2025-01,経費,,,,,,,,,,,,,,,,,,,,,,,,,,
,1/10,東金町小学校,ゆうちょ,,"-¥3,497",,,2025-01,経費,,,,,,,,,,,,,,,,,,,,,,,,,,
,1/13,USAA property and Casualty Insurance,USAA,-$62.60,,,,2025-01,経費,,,,,,,,,,,,,,,,,,,,,,,,,,
,1/13,SRE management,USAA,"$5,952.00",,,,2025-01,経費,,,,,,,,,,,,,,,,,,,,,,,,,,
,1/13,Apple One,USAA,-$37.95,,,,2025-01,経費,,,,,,,,,,,,,,,,,,,,,,,,,,
,1/15,東京ガス,ゆうちょ,,"-¥24,162",,,2025-01,経費,,,,,,,,,,,,,,,,,,,,,,,,,,
,1/17,SRE management,USAA,-$521.72,,New Microwave,,2025-01,経費,,,,,,,,,,,,,,,,,,,,,,,,,,
,1/24,東京水道局,paypay H,,"-¥16,100",,,2025-01,経費,,,,,,,,,,,,,,,,,,,,,,,,,,
,1/27,七田,ゆうちょ,,"-¥21,615",,,2025-01,経費,,,,,,,,,,,,,,,,,,,,,,,,,,
,1/27,J-com,ゆうちょ,,"-¥7,568",,,2025-01,経費,,,,,,,,,,,,,,,,,,,,,,,,,,
,1/27,ETC,ゆうちょ,,"-¥1,257",,,2025-01,経費,,,,,,,,,,,,,,,,,,,,,,,,,,
,1/28,Oasis,ゆうちょ,,"-¥10,670",,,2025-01,経費,,,,,,,,,,,,,,,,,,,,,,,,,,
,1/28,Kumon,ゆうちょ,,"-¥23,100",,,2025-01,経費,,,,,,,,,,,,,,,,,,,,,,,,,,
,1/31,Docomo,ゆうちょ,,"-¥4,238",,,2025-01,経費,,,,,,,,,,,,,,,,,,,,,,,,,,
Wおかづかい,,,,-$77.93,¥0,¥0,,,,,,,,,,,,,,,,,,,,,,,,,,,,,
,1/4,YouTube Premium,USAA,-$13.99,,,,2025-01,Wおかづかい,,,,,,,,,,,,,,,,,,,,,,,,,,
,1/8,Off Book,USAA,-$5.00,,,,2025-01,Wおかづかい,,,,,,,,,,,,,,,,,,,,,,,,,,
,1/12,Off Matrix,USAA,-$9.00,,,,2025-01,Wおかづかい,,,,,,,,,,,,,,,,,,,,,,,,,,
,1/13,Dropout,USAA,-$5.99,,,,2025-01,Wおかづかい,,,,,,,,,,,,,,,,,,,,,,,,,,
,1/18,Apple,USAA,-$2.99,,W movie,,2025-01,Wおかづかい,,,,,,,,,,,,,,,,,,,,,,,,,,
,1/24,OpenAI,USAA,-$22.00,,,,2025-01,Wおかづかい,,,,,,,,,,,,,,,,,,,,,,,,,,
,1/26,Amazon Digital,USAA,-$18.96,,W Proust book,,2025-01,Wおかづかい,,,,,,,,,,,,,,,,,,,,,,,,,,
食費,,,,$0.00,"-¥292,574",¥0,,,,,,,,,,,,,,,,,,,,,,,,,,,,,
,1/1,Hachiya Cafe,Paypay W,,-¥700,,,2025-01,食費,,,,,,,,,,,,,,,,,,,,,,,,,,
,1/1,Fepa,paypay H,,"-¥4,893",,,2025-01,食費,,,,,,,,,,,,,,,,,,,,,,,,,,
,1/1,7-Eleven,nanaco H,,"-¥1,915",,,2025-01,食費,,,,,,,,,,,,,,,,,,,,,,,,,,
,1/2,Lawson,paypay W,,-¥268,,,2025-01,食費,,,,,,,,,,,,,,,,,,,,,,,,,,
,1/2,McDonald’s,paypay H,,"-¥1,500",,,2025-01,食費,,,,,,,,,,,,,,,,,,,,,,,,,,
,1/2,ネクスコ 日光,paypay W,,"-¥1,900",,アップルパイ４個,2025-01,食費,,,,,,,,,,,,,,,,,,,,,,,,,,
,1/2,すた丼屋,Paypay W,,-¥980,,,2025-01,食費,,,,,,,,,,,,,,,,,,,,,,,,,,
,1/3,Fepa,Paypay W,,"-¥11,971",,,2025-01,食費,,,,,,,,,,,,,,,,,,,,,,,,,,
,1/3,Lawson,Paypay W,,-¥354,,,2025-01,食費,,,,,,,,,,,,,,,,,,,,,,,,,,
,1/3,sweets plus,Paypay W,,"-¥6,460",,,2025-01,食費,,,,,,,,,,,,,,,,,,,,,,,,,,
,1/4,7-Eleven,Paypay W,,-¥743,,,2025-01,食費,,,,,,,,,,,,,,,,,,,,,,,,,,
,1/5,Ganko,paypay H,,"-¥8,360",,北先住レストラン,2025-01,食費,,,,,,,,,,,,,,,,,,,,,,,,,,
,1/5,東急,paypay H,,"-¥3,092",,,2025-01,食費,,,,,,,,,,,,,,,,,,,,,,,,,,
,1/5,サイゼリヤ,prestia,,"-¥3,830",,,2025-01,食費,,,,,,,,,,,,,,,,,,,,,,,,,,
,1/6,東急,paypay H,,"-¥6,717",,,2025-01,食費,,,,,,,,,,,,,,,,,,,,,,,,,,
,1/6,しゃぶ葉,Paypay W,,"-¥5,173",,,2025-01,食費,,,,,,,,,,,,,,,,,,,,,,,,,,
,1/6,7-Eleven,nanaco H,,"-¥1,496",,,2025-01,食費,,,,,,,,,,,,,,,,,,,,,,,,,,
,1/6,Komeda Coffee,Paypay W,,"-¥1,670",,,2025-01,食費,,,,,,,,,,,,,,,,,,,,,,,,,,
,1/7,東急,paypay W,,"-¥3,175",,,2025-01,食費,,,,,,,,,,,,,,,,,,,,,,,,,,
,1/7,7-Eleven,nanaco H,,"-¥1,410",,,2025-01,食費,,,,,,,,,,,,,,,,,,,,,,,,,,
,1/7,Starbucks,Paypay W,,-¥949,,,2025-01,食費,,,,,,,,,,,,,,,,,,,,,,,,,,
,1/8,7-Eleven,Paypay W,,-¥180,,,2025-01,食費,,,,,,,,,,,,,,,,,,,,,,,,,,
,1/8,kanadelica,paypay H,,"-¥3,064",,,2025-01,食費,,,,,,,,,,,,,,,,,,,,,,,,,,
,1/8,から好し,Paypay W,,"-¥1,070",,,2025-01,食費,,,,,,,,,,,,,,,,,,,,,,,,,,
,1/8,東急,paypay H,,"-¥2,877",,,2025-01,食費,,,,,,,,,,,,,,,,,,,,,,,,,,
,1/9,ジェシーピザ,現金,,"-¥5,420",,,2025-01,食費,,,,,,,,,,,,,,,,,,,,,,,,,,
,1/9,さぼてん,paypay H,,-¥970,,,2025-01,食費,,,,,,,,,,,,,,,,,,,,,,,,,,
,1/9,東急,paypay H,,"-¥3,492",,,2025-01,食費,,,,,,,,,,,,,,,,,,,,,,,,,,
,1/10,松屋,Paypay W,,-¥630,,,2025-01,食費,,,,,,,,,,,,,,,,,,,,,,,,,,
,1/10,7-Eleven,Paypay W,,-¥180,,,2025-01,食費,,,,,,,,,,,,,,,,,,,,,,,,,,
,1/10,vansan,paypay H,,"-¥12,820",,,2025-01,食費,,,,,,,,,,,,,,,,,,,,,,,,,,
,1/11,東急,paypay H,,"-¥4,551",,,2025-01,食費,,,,,,,,,,,,,,,,,,,,,,,,,,
,1/11,kaldi,paypay H,,"-¥3,521",,,2025-01,食費,,,,,,,,,,,,,,,,,,,,,,,,,,
,1/11,flo,paypay H,,"-¥4,794",,,2025-01,食費,,,,,,,,,,,,,,,,,,,,,,,,,,
,1/12,文明堂,paypay H,,-¥729,,,2025-01,食費,,,,,,,,,,,,,,,,,,,,,,,,,,
,1/12,東急,paypay H,,"-¥2,028",,,2025-01,食費,,,,,,,,,,,,,,,,,,,,,,,,,,
,1/12,fepa,paypay H,,"-¥4,245",,,2025-01,食費,,,,,,,,,,,,,,,,,,,,,,,,,,
,1/12,feta,paypay H,,"-¥6,817",,,2025-01,食費,,,,,,,,,,,,,,,,,,,,,,,,,,
,1/13,肉の万世,paypay H,,"-¥10,626",,,2025-01,食費,,,,,,,,,,,,,,,,,,,,,,,,,,
,1/14,7-Eleven,Paypay W,,-¥149,,,2025-01,食費,,,,,,,,,,,,,,,,,,,,,,,,,,
,1/14,7-Eleven,Paypay W,,-¥630,,,2025-01,食費,,,,,,,,,,,,,,,,,,,,,,,,,,
,1/14,7-Eleven,paypay H,,"-¥2,991",,,2025-01,食費,,,,,,,,,,,,,,,,,,,,,,,,,,
,1/14,ガスト,Paypay W,,"-¥6,080",,,2025-01,食費,,,,,,,,,,,,,,,,,,,,,,,,,,
,1/14,東急,paypay H,,"-¥1,747",,,2025-01,食費,,,,,,,,,,,,,,,,,,,,,,,,,,
,1/15,東急,paypay H,,"-¥4,151",,,2025-01,食費,,,,,,,,,,,,,,,,,,,,,,,,,,
,1/15,Godiva lake town,現金 H,,-¥650,,,2025-01,食費,,,,,,,,,,,,,,,,,,,,,,,,,,
,1/15,郵便局,paypay H,,-¥610,ドリップコーヒー,,2025-01,食費,,,,,,,,,,,,,,,,,,,,,,,,,,
,1/15,Komeda Coffee,Paypay W,,"-¥1,670",,,2025-01,食費,,,,,,,,,,,,,,,,,,,,,,,,,,
,1/16,hakuta,paypay H,,"-¥6,205",,,2025-01,食費,,,,,,,,,,,,,,,,,,,,,,,,,,
,1/16,sweets plus,Paypay W,,"-¥7,320",,,2025-01,食費,,,,,,,,,,,,,,,,,,,,,,,,,,
,1/17,Lawson,paypay W,,-¥495,,,2025-01,食費,,,,,,,,,,,,,,,,,,,,,,,,,,
,1/17,はま寿司,Paypay W,,"-¥5,357",,,2025-01,食費,,,,,,,,,,,,,,,,,,,,,,,,,,
,1/17,7-Eleven,nanaco H,,"-¥1,969",,,2025-01,食費,,,,,,,,,,,,,,,,,,,,,,,,,,
,1/17,Starbucks,Paypay W,,"-¥1,361",,,2025-01,食費,,,,,,,,,,,,,,,,,,,,,,,,,,
,1/18,おかしのまちおか,Paypay W,,-¥387,,,2025-01,食費,,,,,,,,,,,,,,,,,,,,,,,,,,
,1/18,7-Eleven,nanaco W,,-¥250,,,2025-01,食費,,,,,,,,,,,,,,,,,,,,,,,,,,
,1/18,Jonathan,Paypay W,,"-¥5,087",,,2025-01,食費,,,,,,,,,,,,,,,,,,,,,,,,,,
,1/18,東急,paypay W,,"-¥3,892",,,2025-01,食費,,,,,,,,,,,,,,,,,,,,,,,,,,
,1/19,7-Eleven,nanaco,,"-¥3,160",,,2025-01,食費,,,,,,,,,,,,,,,,,,,,,,,,,,
,1/20,Starbucks,Paypay W,,-¥991,,,2025-01,食費,,,,,,,,,,,,,,,,,,,,,,,,,,
,1/20,カナデリカ,paypay H,,"-¥3,899",,,2025-01,食費,,,,,,,,,,,,,,,,,,,,,,,,,,
,1/21,木曽路,paypay H,,"-¥4,444",,,2025-01,食費,,,,,,,,,,,,,,,,,,,,,,,,,,
,1/21,大戸屋,Paypay W,,"-¥2,300",,,2025-01,食費,,,,,,,,,,,,,,,,,,,,,,,,,,
,1/21,McDonald’s,Paypay W,,-¥900,,,2025-01,食費,,,,,,,,,,,,,,,,,,,,,,,,,,
,1/21,東急,paypay H,,-¥138,,,2025-01,食費,,,,,,,,,,,,,,,,,,,,,,,,,,
,1/21,東急,paypay H,,"-¥3,760",,,2025-01,食費,,,,,,,,,,,,,,,,,,,,,,,,,,
,1/22,7-Eleven,nanaco W,,-¥250,,,2025-01,食費,,,,,,,,,,,,,,,,,,,,,,,,,,
,1/22,東急,paypay w,,"-¥5,326",,,2025-01,食費,,,,,,,,,,,,,,,,,,,,,,,,,,
,1/22,feta,paypay H,,"-¥9,028",,,2025-01,食費,,,,,,,,,,,,,,,,,,,,,,,,,,
,1/23,サイゼリヤ,prestia,,"-¥3,880",,,2025-01,食費,,,,,,,,,,,,,,,,,,,,,,,,,,
,1/23,東急,paypay H,,"-¥7,590",,,2025-01,食費,,,,,,,,,,,,,,,,,,,,,,,,,,
,1/24,東急,paypay W,,"-¥4,987",,,2025-01,食費,,,,,,,,,,,,,,,,,,,,,,,,,,
,1/24,Starbucks,Paypay W,,-¥950,,,2025-01,食費,,,,,,,,,,,,,,,,,,,,,,,,,,
,1/24,Invader,Paypay W,,"-¥2,160",,,2025-01,食費,,,,,,,,,,,,,,,,,,,,,,,,,,
,1/25,東急,paypay w,,"-¥4,939",,,2025-01,食費,,,,,,,,,,,,,,,,,,,,,,,,,,
,1/26,東急,paypay W,,"-¥6,095",,,2025-01,食費,,,,,,,,,,,,,,,,,,,,,,,,,,
,1/26,から好し,Paypay W,,"-¥2,460",,,2025-01,食費,,,,,,,,,,,,,,,,,,,,,,,,,,
,1/27,東急,paypay W,,"-¥10,567",,,2025-01,食費,,,,,,,,,,,,,,,,,,,,,,,,,,
,1/28,いなげや,paypay H,,-¥960,,,2025-01,食費,,,,,,,,,,,,,,,,,,,,,,,,,,
,1/29,jessy pizza,現金 H,,"-¥9,471",,,2025-01,食費,,,,,,,,,,,,,,,,,,,,,,,,,,
,1/29,東急,paypay H,,"-¥1,534",,,2025-01,食費,,,,,,,,,,,,,,,,,,,,,,,,,,
,1/29,7-Eleven,Paypay W,,-¥600,,,2025-01,食費,,,,,,,,,,,,,,,,,,,,,,,,,,
,1/30,さぼてん,paypay H,,"-¥1,100",,,2025-01,食費,,,,,,,,,,,,,,,,,,,,,,,,,,
,1/30,東急,paypay H,,"-¥3,008",,,2025-01,食費,,,,,,,,,,,,,,,,,,,,,,,,,,
,1/30,hakuta,paypay H,,"-¥6,220",,,2025-01,食費,,,,,,,,,,,,,,,,,,,,,,,,,,
,1/30,7-Eleven,Paypay W,,-¥579,,,2025-01,食費,,,,,,,,,,,,,,,,,,,,,,,,,,
,1/31,東急,paypay W,,"-¥4,527",,,2025-01,食費,,,,,,,,,,,,,,,,,,,,,,,,,,
,1/31,7-Eleven,Paypay W,,-¥180,,,2025-01,食費,,,,,,,,,,,,,,,,,,,,,,,,,,
諸々,,,,-$252.87,"-¥720,425",¥0,,,,,,,,,,,,,,,,,,,,,,,,,,,,,
,1/1,Tobu World Square,Paypay W,,-¥800,,Gift for Rey: ocarina,2025-01,諸々,,,,,,,,,,,,,,,,,,,,,,,,,,
,1/2,日光林間学校,cash,,"-¥11,200",,,2025-01,諸々,,,,,,,,,,,,,,,,,,,,,,,,,,
,1/2,巨大迷路パラディウム,Paypay W,,"-¥3,800",,,2025-01,諸々,,,,,,,,,,,,,,,,,,,,,,,,,,
,1/2,三ツ山羊羹本舗,prestia,,"-¥4,000",,,2025-01,諸々,,,,,,,,,,,,,,,,,,,,,,,,,,
,1/3,breeze,paypay H,,"-¥11,000",,玲マリオジャケット,2025-01,諸々,,,,,,,,,,,,,,,,,,,,,,,,,,
,1/3,Muji,gift card,,"-¥1,490",,,2025-01,諸々,,,,,,,,,,,,,,,,,,,,,,,,,,
,1/3,Muji,paypay H,,"-¥2,025",,福缶,2025-01,諸々,,,,,,,,,,,,,,,,,,,,,,,,,,
,1/3,L.L. Bean,Paypay W,,"-¥9,680",,,2025-01,諸々,,,,,,,,,,,,,,,,,,,,,,,,,,
,1/3,uniqlo,paypay H,,"-¥2,790",,,2025-01,諸々,,,,,,,,,,,,,,,,,,,,,,,,,,
,1/4,両親へお年玉,現金,,"-¥200,000",,,2025-01,諸々,,,,,,,,,,,,,,,,,,,,,,,,,,
,1/4,まさき家へのお年玉,現金,,"-¥6,100",,ゆう君千円、そうま君百円、誕生日プレゼント代5千円,2025-01,諸々,,,,,,,,,,,,,,,,,,,,,,,,,,
,1/4,鶴岡家へのお年玉,現金,,"-¥1,500",,みのり千円、英実５百円,2025-01,諸々,,,,,,,,,,,,,,,,,,,,,,,,,,
,1/4,神社でお守り代,現金,,"-¥1,800",,,2025-01,諸々,,,,,,,,,,,,,,,,,,,,,,,,,,
,1/4,おみくじ代、賽銭,現金,,-¥200,,,2025-01,諸々,,,,,,,,,,,,,,,,,,,,,,,,,,
,1/4,鶴岡家へ車代,現金,,"-¥200,000",,,2025-01,諸々,,,,,,,,,,,,,,,,,,,,,,,,,,
,1/4,鶴岡家へお心付け,現金,,"-¥100,000",,,2025-01,諸々,,,,,,,,,,,,,,,,,,,,,,,,,,
,1/5,英子へ返金,現金,,"-¥31,100",25yen over,"丸井洋服代16,940+9,900、車清掃代金4,235円",2025-01,諸々,,,,,,,,,,,,,,,,,,,,,,,,,,
,1/7,Amazon JP,paypay H,,"-¥1,270",,,2025-01,諸々,,,,,,,,,,,,,,,,,,,,,,,,,,
,1/8,マツモトキヨシ,paypay H,,"-¥5,180",,,2025-01,諸々,,,,,,,,,,,,,,,,,,,,,,,,,,
,1/8,daiso,paypay H,,-¥110,,,2025-01,諸々,,,,,,,,,,,,,,,,,,,,,,,,,,
,1/9,daiso,paypay H,,"-¥1,210",,,2025-01,諸々,,,,,,,,,,,,,,,,,,,,,,,,,,
,1/9,英子へ返金,現金,,"-¥67,099",,"Gallery cafe: ¥3,330
Beer: ¥540
Square land: ¥4200
Strawberries & conservatory: ¥5400
Sanrio land theater: ¥4000
梅の花　2,552円+コストコ47,132円
=67,124

1／5に25円多く上げていた分を差し引くと、67,099円。百円分、おまけしてもらい、67,000円支払。",2025-01,諸々,,,,,,,,,,,,,,,,,,,,,,,,,,
,1/13,???,USAA,-$155.98,,,,2025-01,諸々,,,,,,,,,,,,,,,,,,,,,,,,,,
,1/15,daiso,paypay H,,-¥550,,,2025-01,諸々,,,,,,,,,,,,,,,,,,,,,,,,,,
,1/15,無印,現金 H,,"-¥11,740",,,2025-01,諸々,,,,,,,,,,,,,,,,,,,,,,,,,,
,1/16,???,USAA,-$52.94,,,,2025-01,諸々,,,,,,,,,,,,,,,,,,,,,,,,,,
,1/18,daiso,paypay H,,-¥220,,,2025-01,諸々,,,,,,,,,,,,,,,,,,,,,,,,,,
,1/19,Daiso,Paypay W,,-¥110,,Rey legos,2025-01,諸々,,,,,,,,,,,,,,,,,,,,,,,,,,
,1/19,Ikea,Paypay W,,"-¥4,840",,,2025-01,諸々,,,,,,,,,,,,,,,,,,,,,,,,,,
,1/19,ikea,paypay H,,"-¥2,497",,,2025-01,諸々,,,,,,,,,,,,,,,,,,,,,,,,,,
,1/20,daiso,paypay H,,-¥550,,,2025-01,諸々,,,,,,,,,,,,,,,,,,,,,,,,,,
,1/21,Daiso,Paypay W,,-¥110,,Rey legos,2025-01,諸々,,,,,,,,,,,,,,,,,,,,,,,,,,
,1/21,???,USAA,-$2.99,,,,2025-01,諸々,,,,,,,,,,,,,,,,,,,,,,,,,,
,1/22,Daiso,Paypay W,,-¥220,,Rey legos,2025-01,諸々,,,,,,,,,,,,,,,,,,,,,,,,,,
,1/22,Natulear verde,prestia,,"-¥4,950",,W haircut,2025-01,諸々,,,,,,,,,,,,,,,,,,,,,,,,,,
,1/23,Seria,Paypay W,,-¥220,,Rey legos,2025-01,諸々,,,,,,,,,,,,,,,,,,,,,,,,,,
,1/25,水戸薬局,現金 H,,"-¥1,000",,スノードーム,2025-01,諸々,,,,,,,,,,,,,,,,,,,,,,,,,,
,1/27,daiso,paypay H,,-¥770,,,2025-01,諸々,,,,,,,,,,,,,,,,,,,,,,,,,,
,1/27,マツモトキヨシ,paypay H,,"-¥11,167",,,2025-01,諸々,,,,,,,,,,,,,,,,,,,,,,,,,,
,1/27,???,USAA,-$40.96,,,,2025-01,諸々,,,,,,,,,,,,,,,,,,,,,,,,,,
,1/28,seria,paypay H,,"-¥1,650",,,2025-01,諸々,,,,,,,,,,,,,,,,,,,,,,,,,,
,1/29,ココカラファイン,paypay H,,"-¥6,548",,,2025-01,諸々,,,,,,,,,,,,,,,,,,,,,,,,,,
,1/30,マツモトキヨシ,paypay H,,"-¥1,196",,,2025-01,諸々,,,,,,,,,,,,,,,,,,,,,,,,,,
,1/30,Daiso,Paypay W,,-¥110,,Rey legos,2025-01,諸々,,,,,,,,,,,,,,,,,,,,,,,,,,
,1/31,fepa,paypay H,,"-¥9,403",,,2025-01,諸々,,,,,,,,,,,,,,,,,,,,,,,,,,
,1/31,Daiso,Paypay W,,-¥220,,Rey legos,2025-01,諸々,,,,,,,,,,,,,,,,,,,,,,,,,,
2025-02,,,,"$4,945.59","¥256,646",,,,,,,,,,,,,,,,,,,,,,,,,,,,,,
給料,,,,$0.00,"¥874,768",¥0,,,,,,,,,,,,,,,,,,,,,,,,,,,,,
,2/25,facebook,prestia,,"¥874,768",,,2025-02,給料,,,,,,,,,,,,,,,,,,,,,,,,,,
経費,,,,"$5,316.56","-¥130,560",¥0,,,,,,,,,,,,,,,,,,,,,,,,,,,,,
,2/1,金町ぷらっと,paypay H,,"-¥1,700",,,2025-02,経費,,,,,,,,,,,,,,,,,,,,,,,,,,
,2/10,東金町小学校,ゆうちょ,,-¥260,,,2025-02,経費,,,,,,,,,,,,,,,,,,,,,,,,,,
,2/11,USAA property and Casualty Insurance,USAA,-$62.50,,,,2025-02,経費,,,,,,,,,,,,,,,,,,,,,,,,,,
,2/11,SRE management,USAA,"$5,732.00",,,,2025-02,経費,,,,,,,,,,,,,,,,,,,,,,,,,,
,2/12,Z会,prestia,,"-¥11,970",,,2025-02,経費,,,,,,,,,,,,,,,,,,,,,,,,,,
,2/13,Apple One,USAA,-$37.95,,,,2025-02,経費,,,,,,,,,,,,,,,,,,,,,,,,,,
,2/17,東京ガス,ゆうちょ,,"-¥37,482",,,2025-02,経費,,,,,,,,,,,,,,,,,,,,,,,,,,
,2/17,Apple,USAA,-$9.99,,AdBlock Pro,,2025-02,経費,,,,,,,,,,,,,,,,,,,,,,,,,,
,2/20,Check #995969,USAA,-$305.00,,HOA fee,,2025-02,経費,,,,,,,,,,,,,,,,,,,,,,,,,,
,2/26,Oasis,ゆうちょ,,"-¥10,670",,,2025-02,経費,,,,,,,,,,,,,,,,,,,,,,,,,,
,2/27,七田,ゆうちょ,,"-¥21,615",,,2025-02,経費,,,,,,,,,,,,,,,,,,,,,,,,,,
,2/27,J-com,ゆうちょ,,"-¥7,568",,,2025-02,経費,,,,,,,,,,,,,,,,,,,,,,,,,,
,2/28,公文,ゆうちょ,,"-¥34,650",,,2025-02,経費,,,,,,,,,,,,,,,,,,,,,,,,,,
,2/28,Docomo,ゆうちょ,,"-¥4,645",,,2025-02,経費,,,,,,,,,,,,,,,,,,,,,,,,,,
食費,,,,$0.00,"-¥293,861",¥0,,,,,,,,,,,,,,,,,,,,,,,,,,,,,
,2/3,Family Mart,Paypay W,,-¥945,,,2025-02,食費,,,,,,,,,,,,,,,,,,,,,,,,,,
,2/1,東急,paypay W,,"-¥4,713",,,2025-02,食費,,,,,,,,,,,,,,,,,,,,,,,,,,
,2/1,Family Mart,cash,,-¥118,,,2025-02,食費,,,,,,,,,,,,,,,,,,,,,,,,,,
,2/2,花水木,paypay H,,-¥881,,,2025-02,食費,,,,,,,,,,,,,,,,,,,,,,,,,,
,2/2,花水木,paypay H,,"-¥1,520",,,2025-02,食費,,,,,,,,,,,,,,,,,,,,,,,,,,
,2/2,ひなの,paypay H,,"-¥7,282",,,2025-02,食費,,,,,,,,,,,,,,,,,,,,,,,,,,
,2/3,Family Mart,Paypay W,,-¥734,,,2025-02,食費,,,,,,,,,,,,,,,,,,,,,,,,,,
,2/3,kanadelica,paypay H,,"-¥4,609",,,2025-02,食費,,,,,,,,,,,,,,,,,,,,,,,,,,
,2/3,hakuta,paypay H,,"-¥2,960",,,2025-02,食費,,,,,,,,,,,,,,,,,,,,,,,,,,
,2/3,東急,paypay H,,"-¥3,618",,,2025-02,食費,,,,,,,,,,,,,,,,,,,,,,,,,,
,2/4,ベーカリーあさくら,現金 H,,"-¥1,420",,,2025-02,食費,,,,,,,,,,,,,,,,,,,,,,,,,,
,2/4,東急,paypay W,,"-¥4,082",,,2025-02,食費,,,,,,,,,,,,,,,,,,,,,,,,,,
,2/4,さぼてん,paypay W,,"-¥1,100",,,2025-02,食費,,,,,,,,,,,,,,,,,,,,,,,,,,
,2/5,とりどりキッチン,paypay W,,"-¥1,650",,,2025-02,食費,,,,,,,,,,,,,,,,,,,,,,,,,,
,2/5,東急,paypay H,,"-¥2,074",,,2025-02,食費,,,,,,,,,,,,,,,,,,,,,,,,,,
,2/5,costco,現金 H,,"-¥1,000",,フードコート,2025-02,食費,,,,,,,,,,,,,,,,,,,,,,,,,,
,2/6,東急,paypay H,,"-¥4,048",,,2025-02,食費,,,,,,,,,,,,,,,,,,,,,,,,,,
,2/6,7-Eleven,Paypay W,,-¥180,,,2025-02,食費,,,,,,,,,,,,,,,,,,,,,,,,,,
,2/6,ベーカリーアサクラ,現金 H,,"-¥1,710",,,2025-02,食費,,,,,,,,,,,,,,,,,,,,,,,,,,
,2/6,kaldi,paypay H,,"-¥1,506",,,2025-02,食費,,,,,,,,,,,,,,,,,,,,,,,,,,
,2/7,東急,paypay W,,"-¥3,602",,,2025-02,食費,,,,,,,,,,,,,,,,,,,,,,,,,,
,2/8,木曽路,paypay H,,"-¥5,104",,,2025-02,食費,,,,,,,,,,,,,,,,,,,,,,,,,,
,2/8,7-Eleven,Paypay W,,-¥471,,,2025-02,食費,,,,,,,,,,,,,,,,,,,,,,,,,,
,2/8,東急,paypay W,,"-¥5,104",,,2025-02,食費,,,,,,,,,,,,,,,,,,,,,,,,,,
,2/9,東急,paypay W,,"-¥5,663",,,2025-02,食費,,,,,,,,,,,,,,,,,,,,,,,,,,
,2/9,McDonald’s,paypay W,,"-¥1,650",,,2025-02,食費,,,,,,,,,,,,,,,,,,,,,,,,,,
,2/10,なだ万,paypay H,,"-¥46,500",,,2025-02,食費,,,,,,,,,,,,,,,,,,,,,,,,,,
,2/10,東急,paypay H,,"-¥7,968",,,2025-02,食費,,,,,,,,,,,,,,,,,,,,,,,,,,
,2/10,Starbucks,Paypay W,,"-¥1,680",,,2025-02,食費,,,,,,,,,,,,,,,,,,,,,,,,,,
,2/11,7-Eleven,Paypay W,,-¥478,,,2025-02,食費,,,,,,,,,,,,,,,,,,,,,,,,,,
,2/11,sweets plus,paypay W,,"-¥6,180",,,2025-02,食費,,,,,,,,,,,,,,,,,,,,,,,,,,
,2/12,7-Eleven,Paypay W,,-¥180,,,2025-02,食費,,,,,,,,,,,,,,,,,,,,,,,,,,
,2/12,東急,paypay H,,"-¥7,210",,,2025-02,食費,,,,,,,,,,,,,,,,,,,,,,,,,,
,2/13,東急,paypay H,,"-¥6,851",,,2025-02,食費,,,,,,,,,,,,,,,,,,,,,,,,,,
,2/14,7-Eleven,Paypay W,,-¥250,,,2025-02,食費,,,,,,,,,,,,,,,,,,,,,,,,,,
,2/14,fepa,paypay H,,"-¥9,638",,,2025-02,食費,,,,,,,,,,,,,,,,,,,,,,,,,,
,2/14,英子に返金,現金,,"-¥24,000",,"コストコ代24,438円の438円分を木曽路代として、差し引き",2025-02,食費,,,,,,,,,,,,,,,,,,,,,,,,,,
,2/14,東急,Paypay W,,"-¥7,074",,,2025-02,食費,,,,,,,,,,,,,,,,,,,,,,,,,,
,2/15,東急,Paypay W,,"-¥3,059",,,2025-02,食費,,,,,,,,,,,,,,,,,,,,,,,,,,
,2/16,東急,Paypay W,,"-¥7,715",,,2025-02,食費,,,,,,,,,,,,,,,,,,,,,,,,,,
,2/17,7-Eleven,Paypay W,,-¥250,,,2025-02,食費,,,,,,,,,,,,,,,,,,,,,,,,,,
,2/17,木曽路,Paypay W,,"-¥5,038",,,2025-02,食費,,,,,,,,,,,,,,,,,,,,,,,,,,
,2/17,東急,Paypay W,,"-¥3,760",,,2025-02,食費,,,,,,,,,,,,,,,,,,,,,,,,,,
,2/18,Komeda Coffee,Paypay W,,"-¥1,700",,,2025-02,食費,,,,,,,,,,,,,,,,,,,,,,,,,,
,2/18,東急,Paypay W,,"-¥7,436",,,2025-02,食費,,,,,,,,,,,,,,,,,,,,,,,,,,
,2/18,7-Eleven,nanaco H,,"-¥1,516",,,2025-02,食費,,,,,,,,,,,,,,,,,,,,,,,,,,
,2/19,7-Eleven,paypay W,,-¥149,,,2025-02,食費,,,,,,,,,,,,,,,,,,,,,,,,,,
,2/19,Komeda Coffee,Paypay W,,"-¥1,700",,,2025-02,食費,,,,,,,,,,,,,,,,,,,,,,,,,,
,2/19,東急,paypay H,,"-¥6,762",,,2025-02,食費,,,,,,,,,,,,,,,,,,,,,,,,,,
,2/20,東急,Paypay W,,"-¥5,916",,,2025-02,食費,,,,,,,,,,,,,,,,,,,,,,,,,,
,2/21,7-Eleven,paypay W,,-¥180,,,2025-02,食費,,,,,,,,,,,,,,,,,,,,,,,,,,
,2/21,東急,Paypay W,,"-¥5,959",,,2025-02,食費,,,,,,,,,,,,,,,,,,,,,,,,,,
,2/22,くら,Paypay W,,"-¥3,880",,,2025-02,食費,,,,,,,,,,,,,,,,,,,,,,,,,,
,2/22,7-Eleven,Paypay W,,"-¥2,081",,,2025-02,食費,,,,,,,,,,,,,,,,,,,,,,,,,,
,2/22,東急,Paypay W,,"-¥4,503",,,2025-02,食費,,,,,,,,,,,,,,,,,,,,,,,,,,
,2/23,東急,Paypay W,,"-¥3,460",,,2025-02,食費,,,,,,,,,,,,,,,,,,,,,,,,,,
,2/23,Saizeriya,prestia,,"-¥3,360",,,2025-02,食費,,,,,,,,,,,,,,,,,,,,,,,,,,
,2/24,東急,Paypay W,,"-¥4,910",,,2025-02,食費,,,,,,,,,,,,,,,,,,,,,,,,,,
,2/24,さぼてん,Paypay W,,"-¥9,779",Roscoe lunch,,2025-02,食費,,,,,,,,,,,,,,,,,,,,,,,,,,
,2/24,やきとり　にしだ場,Paypay W,,-¥780,,,2025-02,食費,,,,,,,,,,,,,,,,,,,,,,,,,,
,2/25,東急,Paypay W,,"-¥3,367",,,2025-02,食費,,,,,,,,,,,,,,,,,,,,,,,,,,
,2/25,Saizeriya,prestia,,"-¥3,580",,,2025-02,食費,,,,,,,,,,,,,,,,,,,,,,,,,,
,2/25,7-Eleven,Paypay W,,-¥482,,,2025-02,食費,,,,,,,,,,,,,,,,,,,,,,,,,,
,2/26,東急,paypay H,,"-¥6,762",,,2025-02,食費,,,,,,,,,,,,,,,,,,,,,,,,,,
,2/26,7-Eleven,Paypay W,,-¥180,,,2025-02,食費,,,,,,,,,,,,,,,,,,,,,,,,,,
,2/27,kaldi,paypay H,,-¥589,,,2025-02,食費,,,,,,,,,,,,,,,,,,,,,,,,,,
,2/27,7-Eleven,Paypay W,,-¥180,,,2025-02,食費,,,,,,,,,,,,,,,,,,,,,,,,,,
,2/27,東急,paypay H,,"-¥4,485",,,2025-02,食費,,,,,,,,,,,,,,,,,,,,,,,,,,
,2/28,7-Eleven,Paypay W,,-¥180,,,2025-02,食費,,,,,,,,,,,,,,,,,,,,,,,,,,
,2/28,東急,paypay H,,"-¥4,410",,,2025-02,食費,,,,,,,,,,,,,,,,,,,,,,,,,,
W おこづかい,,,,-$46.98,¥0,¥0,,,,,,,,,,,,,,,,,,,,,,,,,,,,,
,2/4,YouTube Premium,USAA,-$13.99,,,,2025-02,W おこづかい,,,,,,,,,,,,,,,,,,,,,,,,,,
,2/8,Off Book,USAA,-$5.00,,,,2025-02,W おこづかい,,,,,,,,,,,,,,,,,,,,,,,,,,
,2/13,Dropout,USAA,-$5.99,,,,2025-02,W おこづかい,,,,,,,,,,,,,,,,,,,,,,,,,,
,2/24,OpenAI,USAA,-$22.00,,,,2025-02,W おこづかい,,,,,,,,,,,,,,,,,,,,,,,,,,
諸々,,,,-$18.99,"-¥193,701",¥0,,,,,,,,,,,,,,,,,,,,,,,,,,,,,
,2/2,ニトリ,paypay H,,"-¥2,679",,,2025-02,諸々,,,,,,,,,,,,,,,,,,,,,,,,,,
,2/2,loft,paypay H,,"-¥5,687",,,2025-02,諸々,,,,,,,,,,,,,,,,,,,,,,,,,,
,2/3,英子に返金,現金 H,,"-¥10,500",,"１月の高円寺ピザ4,260円、駐車代2,600円
牛カツ（寛子）1,859円、ミニストップ410円、幸楽苑700円
オンパミード８ヶ月分7,920円
から、英子フェパ5,148円＋木曽路2,222円を差し引き
合計10,379円",2025-02,諸々,,,,,,,,,,,,,,,,,,,,,,,,,,
,2/3,Amazon JP,paypay H,,"-¥15,420",,,2025-02,諸々,,,,,,,,,,,,,,,,,,,,,,,,,,
,2/3,ミッドタウンCL六本木ドックセンター,prestia,,"-¥39,600",,,2025-02,諸々,,,,,,,,,,,,,,,,,,,,,,,,,,
,2/4,Daiso,Paypay W,,-¥110,,Rey legos,2025-02,諸々,,,,,,,,,,,,,,,,,,,,,,,,,,
,2/4,7-Eleven,Paypay W,,-¥658,,,2025-02,諸々,,,,,,,,,,,,,,,,,,,,,,,,,,
,2/5,7-Eleven,Paypay W,,-¥180,,,2025-02,諸々,,,,,,,,,,,,,,,,,,,,,,,,,,
,2/5,しまむら,paypay H,,"-¥8,151",,,2025-02,諸々,,,,,,,,,,,,,,,,,,,,,,,,,,
,2/5,ニンジャパーク,Paypay W,,"-¥2,000",,,2025-02,諸々,,,,,,,,,,,,,,,,,,,,,,,,,,
,2/6,マツモトキヨシ,paypay H,,"-¥1,131",,,2025-02,諸々,,,,,,,,,,,,,,,,,,,,,,,,,,
,2/6,Daiso,Paypay W,,-¥110,,Rey legos,2025-02,諸々,,,,,,,,,,,,,,,,,,,,,,,,,,
,2/7,Amazon JP,paypay H,,"-¥6,494",,,2025-02,諸々,,,,,,,,,,,,,,,,,,,,,,,,,,
,2/7,7-Eleven,Paypay W,,-¥250,,,2025-02,諸々,,,,,,,,,,,,,,,,,,,,,,,,,,
,2/9,Daiso,Paypay W,,-¥220,,Rey legos,2025-02,諸々,,,,,,,,,,,,,,,,,,,,,,,,,,
,2/10,ルクールブラン有楽町丸井,paypay H,,"-¥12,430",,,2025-02,諸々,,,,,,,,,,,,,,,,,,,,,,,,,,
,2/10,三越銀座ハッチ,paypay H ,,"-¥4,950",,,2025-02,諸々,,,,,,,,,,,,,,,,,,,,,,,,,,
,2/10,東京タクシー,paypay H,,"-¥9,650",,,2025-02,諸々,,,,,,,,,,,,,,,,,,,,,,,,,,
,2/10,マツモトキヨシ,paypay H,,"-¥1,267",,,2025-02,諸々,,,,,,,,,,,,,,,,,,,,,,,,,,
,2/11,Amazon JP,paypay H,,"-¥6,021",本,,2025-02,諸々,,,,,,,,,,,,,,,,,,,,,,,,,,
,2/13,daiso,paypay H,,-¥880,,,2025-02,諸々,,,,,,,,,,,,,,,,,,,,,,,,,,
,2/13,品川区,prestia,,-¥450,,戸籍謄本郵送代,2025-02,諸々,,,,,,,,,,,,,,,,,,,,,,,,,,
,2/13,???,USAA,-$18.99,,,,2025-02,諸々,,,,,,,,,,,,,,,,,,,,,,,,,,
,2/14,東金町小学校,paypay H,,"-¥1,750",集合写真,,2025-02,諸々,,,,,,,,,,,,,,,,,,,,,,,,,,
,2/17,郵便局,cash,,-¥700,mailing spring cards,,2025-02,諸々,,,,,,,,,,,,,,,,,,,,,,,,,,
,2/17,Lawson,Paypay W,,"-¥21,660",Annie ticket reservation,,2025-02,諸々,,,,,,,,,,,,,,,,,,,,,,,,,,
,2/18,Amazon JP,paypay H,,"-¥3,681",,,2025-02,諸々,,,,,,,,,,,,,,,,,,,,,,,,,,
,2/19,マツモトキヨシ,paypay H,,-¥401,,,2025-02,諸々,,,,,,,,,,,,,,,,,,,,,,,,,,
,2/19,daiso,paypay H,,-¥110,,,2025-02,諸々,,,,,,,,,,,,,,,,,,,,,,,,,,
,2/21,Daiso,Paypay W,,-¥440,Rey lego,,2025-02,諸々,,,,,,,,,,,,,,,,,,,,,,,,,,
,2/24,divine,cash H,,"-¥5,170",,,2025-02,諸々,,,,,,,,,,,,,,,,,,,,,,,,,,
,2/24,Toy Planet,cash W,,-¥308,Rey lego,,2025-02,諸々,,,,,,,,,,,,,,,,,,,,,,,,,,
,2/25,seria,paypay H,,-¥660,,,2025-02,諸々,,,,,,,,,,,,,,,,,,,,,,,,,,
,2/25,Amazon JP,paypay H,,"-¥10,973",本,,2025-02,諸々,,,,,,,,,,,,,,,,,,,,,,,,,,
,2/26,loft,paypay H,,-¥660,,,2025-02,諸々,,,,,,,,,,,,,,,,,,,,,,,,,,
,2/26,無印,paypay H,,"-¥5,660",,,2025-02,諸々,,,,,,,,,,,,,,,,,,,,,,,,,,
,2/26,マツモトキヨシ,paypay H,,"-¥1,260",,,2025-02,諸々,,,,,,,,,,,,,,,,,,,,,,,,,,
,2/26,daiso,paypay H,,"-¥1,430",,,2025-02,諸々,,,,,,,,,,,,,,,,,,,,,,,,,,
,2/27,Amazon JP,prestia,,"-¥10,000",アマゾンギフトカード、ハナエ先生用,,2025-02,諸々,,,,,,,,,,,,,,,,,,,,,,,,,,
USA,,,,-$305.00,¥0,¥0,,,,,,,,,,,,,,,,,,,,,,,,,,,,,
,2/20,Madison Townhomes,USAA,-$305.00,,check,,2025-02,USA,,,,,,,,,,,,,,,,,,,,,,,,,,
2025-03,,,,"$10,158.86","¥8,779,225",,,,,,,,,,,,,,,,,,,,,,,,,,,,,,
給料,,,,$0.00,"¥9,387,847",¥0,,,,,,,,,,,,,,,,,,,,,,,,,,,,,
,3/25,facebook,,,"¥836,138",,,2025-03,給料,,,,,,,,,,,,,,,,,,,,,,,,,,
,3/25,facebook,,,"¥8,551,709",,,2025-03,給料,,,,,,,,,,,,,,,,,,,,,,,,,,
経費,,,,"$5,553.45","-¥111,089",¥0,,,,,,,,,,,,,,,,,,,,,,,,,,,,,
,3/1,ぷらっと金町,paypay H,,"-¥1,700",レッスン場所代,,2025-03,経費,,,,,,,,,,,,,,,,,,,,,,,,,,
,3/11,USAA property and Casualty Insurance,USAA,-$62.50,,,,2025-03,経費,,,,,,,,,,,,,,,,,,,,,,,,,,
,3/11,SRE management,USAA,"$5,793.88",,,,2025-03,経費,,,,,,,,,,,,,,,,,,,,,,,,,,
,3/13,Apple One,USAA,-$37.95,,,,2025-03,経費,,,,,,,,,,,,,,,,,,,,,,,,,,
,3/17,Tokyo Gas,ゆうちょ,,"-¥42,019",,,2025-03,経費,,,,,,,,,,,,,,,,,,,,,,,,,,
,3/27,Oasis,ゆうちょ,,"-¥10,670",,,2025-03,経費,,,,,,,,,,,,,,,,,,,,,,,,,,
,3/27,七田,ゆうちょ,,"-¥21,945",,,2025-03,経費,,,,,,,,,,,,,,,,,,,,,,,,,,
,3/27,J-com,ゆうちょ,,"-¥7,568",,,2025-03,経費,,,,,,,,,,,,,,,,,,,,,,,,,,
,3/27,ETC,ゆうちょ,,-¥630,,,2025-03,経費,,,,,,,,,,,,,,,,,,,,,,,,,,
,3/28,Apple,USAA,-$59.99,,1Password,,2025-03,経費,,,,,,,,,,,,,,,,,,,,,,,,,,
,3/28,Expert by Readdle,USAA,-$79.99,,PDFExpert,,2025-03,経費,,,,,,,,,,,,,,,,,,,,,,,,,,
,3/28,公文,ゆうちょ,,"-¥23,100",,,2025-03,経費,,,,,,,,,,,,,,,,,,,,,,,,,,
,3/31,Docomo,ゆうちょ,,"-¥3,457",,,2025-03,経費,,,,,,,,,,,,,,,,,,,,,,,,,,
食費,,,,$0.00,"-¥303,503",¥0,,,,,,,,,,,,,,,,,,,,,,,,,,,,,
,3/1,7-Eleven,Paypay W,,"-¥2,095",,,2025-03,食費,,,,,,,,,,,,,,,,,,,,,,,,,,
,3/1,7-Eleven,Paypay W,,-¥439,,,2025-03,食費,,,,,,,,,,,,,,,,,,,,,,,,,,
,3/1,Mos Burger,Paypay W,,"-¥2,170",,,2025-03,食費,,,,,,,,,,,,,,,,,,,,,,,,,,
,3/1,Malt Bar Epinards,prestia,,"-¥33,600",Drinks with Kolin,,2025-03,食費,,,,,,,,,,,,,,,,,,,,,,,,,,
,3/2,Jonathan,Paypay W,,"-¥2,307",,,2025-03,食費,,,,,,,,,,,,,,,,,,,,,,,,,,
,3/2,東急,paypay H,,"-¥4,374",,,2025-03,食費,,,,,,,,,,,,,,,,,,,,,,,,,,
,3/2,7-Eleven,Paypay W,,"-¥3,000",,,2025-03,食費,,,,,,,,,,,,,,,,,,,,,,,,,,
,3/3,Komeda Coffee,Paypay W,,"-¥1,700",,,2025-03,食費,,,,,,,,,,,,,,,,,,,,,,,,,,
,3/3,東急,paypay H,,"-¥9,428",,,2025-03,食費,,,,,,,,,,,,,,,,,,,,,,,,,,
,3/4,7-Eleven,Paypay W,,-¥180,,,2025-03,食費,,,,,,,,,,,,,,,,,,,,,,,,,,
,3/4,大戸屋,Paypay W,,"-¥2,580",,,2025-03,食費,,,,,,,,,,,,,,,,,,,,,,,,,,
,3/5,東急,paypay H,,"-¥8,195",,,2025-03,食費,,,,,,,,,,,,,,,,,,,,,,,,,,
,3/5,松屋,Paypay W,,"-¥1,110",,,2025-03,食費,,,,,,,,,,,,,,,,,,,,,,,,,,
,3/6,jessy pizza,cash H,,"-¥11,957",,,2025-03,食費,,,,,,,,,,,,,,,,,,,,,,,,,,
,3/6,7-Eleven,Paypay W,,-¥180,,,2025-03,食費,,,,,,,,,,,,,,,,,,,,,,,,,,
,3/7,東急,Paypay W,,"-¥5,797",,,2025-03,食費,,,,,,,,,,,,,,,,,,,,,,,,,,
,3/7,7-Eleven,Paypay W,,-¥180,,,2025-03,食費,,,,,,,,,,,,,,,,,,,,,,,,,,
,3/8,東急,paypay H,,"-¥9,096",,,2025-03,食費,,,,,,,,,,,,,,,,,,,,,,,,,,
,3/8,大戸屋,Paypay W,,"-¥2,510",,,2025-03,食費,,,,,,,,,,,,,,,,,,,,,,,,,,
,3/9,sweets plus,Paypay W,,"-¥6,760",,,2025-03,食費,,,,,,,,,,,,,,,,,,,,,,,,,,
,3/9,7-Eleven,Paypay W,,-¥714,,,2025-03,食費,,,,,,,,,,,,,,,,,,,,,,,,,,
,3/10,Yanaka Coffee,Paypay W,,"-¥1,800",,,2025-03,食費,,,,,,,,,,,,,,,,,,,,,,,,,,
,3/10,Vansan,Paypay W,,"-¥7,810",,,2025-03,食費,,,,,,,,,,,,,,,,,,,,,,,,,,
,3/10,Starbucks,Prestia,,"-¥1,346",,,2025-03,食費,,,,,,,,,,,,,,,,,,,,,,,,,,
,3/11,New Days,paypay H,,-¥770,松戸ビール,,2025-03,食費,,,,,,,,,,,,,,,,,,,,,,,,,,
,3/11,東急,paypay H,,"-¥7,347",,,2025-03,食費,,,,,,,,,,,,,,,,,,,,,,,,,,
,3/11,Komeda Coffee,Paypay W,,"-¥1,670",,,2025-03,食費,,,,,,,,,,,,,,,,,,,,,,,,,,
,3/12,東急,paypay H,,"-¥7,399",,,2025-03,食費,,,,,,,,,,,,,,,,,,,,,,,,,,
,3/13,7-Eleven,Paypay W,,"-¥1,317",,,2025-03,食費,,,,,,,,,,,,,,,,,,,,,,,,,,
,3/13,7-Eleven,Paypay W,,-¥119,,,2025-03,食費,,,,,,,,,,,,,,,,,,,,,,,,,,
,3/13,から好し,Paypay W,,"-¥1,739",,,2025-03,食費,,,,,,,,,,,,,,,,,,,,,,,,,,
,3/13,東急,Paypay W,,"-¥4,723",,,2025-03,食費,,,,,,,,,,,,,,,,,,,,,,,,,,
,3/14,kaldi,paypay W,,"-¥1,458",,,2025-03,食費,,,,,,,,,,,,,,,,,,,,,,,,,,
,3/14,7-Eleven,Paypay W,,-¥180,,,2025-03,食費,,,,,,,,,,,,,,,,,,,,,,,,,,
,3/14,東急,Paypay W,,"-¥5,563",,,2025-03,食費,,,,,,,,,,,,,,,,,,,,,,,,,,
,3/15,hakuta,Paypay W,,"-¥3,320",,,2025-03,食費,,,,,,,,,,,,,,,,,,,,,,,,,,
,3/15,東急,paypay W,,"-¥5,149",,,2025-03,食費,,,,,,,,,,,,,,,,,,,,,,,,,,
,3/16,7-Eleven,Paypay W,,"-¥2,369",,,2025-03,食費,,,,,,,,,,,,,,,,,,,,,,,,,,
,3/16,東急,Paypay W,,"-¥5,459",,,2025-03,食費,,,,,,,,,,,,,,,,,,,,,,,,,,
,3/17,いなげや,paypay H,,"-¥1,844",,,2025-03,食費,,,,,,,,,,,,,,,,,,,,,,,,,,
,3/17,東急,Paypay W,,"-¥8,251",,,2025-03,食費,,,,,,,,,,,,,,,,,,,,,,,,,,
,3/18,東急,Paypay W,,"-¥5,154",,,2025-03,食費,,,,,,,,,,,,,,,,,,,,,,,,,,
,3/19,東急,paypay H,,"-¥5,324",,,2025-03,食費,,,,,,,,,,,,,,,,,,,,,,,,,,
,3/20,東急,Paypay W,,"-¥5,707",,,2025-03,食費,,,,,,,,,,,,,,,,,,,,,,,,,,
,3/21,東急,paypay H,,"-¥7,777",,,2025-03,食費,,,,,,,,,,,,,,,,,,,,,,,,,,
,3/21,Komeda Coffee,paypay W,,"-¥1,670",,,2025-03,食費,,,,,,,,,,,,,,,,,,,,,,,,,,
,3/22,東急,Paypay W,,"-¥6,372",,,2025-03,食費,,,,,,,,,,,,,,,,,,,,,,,,,,
,3/22,sweets plus,paypay W,,"-¥5,980",,,2025-03,食費,,,,,,,,,,,,,,,,,,,,,,,,,,
,3/23,7-Eleven,nanaco H,,"-¥2,926",,,2025-03,食費,,,,,,,,,,,,,,,,,,,,,,,,,,
,3/23,Fepa,Paypay W,,"-¥4,930",,,2025-03,食費,,,,,,,,,,,,,,,,,,,,,,,,,,
,3/24,東急,paypay H,,"-¥8,604",,,2025-03,食費,,,,,,,,,,,,,,,,,,,,,,,,,,
,3/24,KHB Diner,paypay W,,"-¥4,224",,,2025-03,食費,,,,,,,,,,,,,,,,,,,,,,,,,,
,3/24,7-Eleven,paypay W,,-¥180,,,2025-03,食費,,,,,,,,,,,,,,,,,,,,,,,,,,
,3/25,7-Eleven,Prestia,,-¥804,,,2025-03,食費,,,,,,,,,,,,,,,,,,,,,,,,,,
,3/25,7-Eleven,Prestia,,-¥373,,,2025-03,食費,,,,,,,,,,,,,,,,,,,,,,,,,,
,3/25,にしだ場,Paypay W,,"-¥1,230",,,2025-03,食費,,,,,,,,,,,,,,,,,,,,,,,,,,
,3/25,しかく,Paypay W,,"-¥1,050",,,2025-03,食費,,,,,,,,,,,,,,,,,,,,,,,,,,
,3/25,しかく,Paypay W,,-¥900,,,2025-03,食費,,,,,,,,,,,,,,,,,,,,,,,,,,
,3/26,東急,paypay H,,"-¥5,508",,,2025-03,食費,,,,,,,,,,,,,,,,,,,,,,,,,,
,3/26,しかく,Paypay W,,"-¥1,200",,,2025-03,食費,,,,,,,,,,,,,,,,,,,,,,,,,,
,3/27,hakuta,paypay H,,"-¥6,100",,,2025-03,食費,,,,,,,,,,,,,,,,,,,,,,,,,,
,3/27,東急,paypay H,,"-¥5,583",,,2025-03,食費,,,,,,,,,,,,,,,,,,,,,,,,,,
,3/28,daimaru,paypay H,,"-¥3,834",,,2025-03,食費,,,,,,,,,,,,,,,,,,,,,,,,,,
,3/28,McDonald’s,Paypay W,,-¥920,,,2025-03,食費,,,,,,,,,,,,,,,,,,,,,,,,,,
,3/28,キルフェボン,paypay H,,"-¥7,993",,,2025-03,食費,,,,,,,,,,,,,,,,,,,,,,,,,,
,3/29,大井食品館,paypay H,,"-¥4,309",,,2025-03,食費,,,,,,,,,,,,,,,,,,,,,,,,,,
,3/29,7-Eleven,Paypay W,,-¥250,,,2025-03,食費,,,,,,,,,,,,,,,,,,,,,,,,,,
,3/29,大井食品館,paypay H,,"-¥1,144",,,2025-03,食費,,,,,,,,,,,,,,,,,,,,,,,,,,
,3/29,大井食品館,paypay H,,"-¥2,553",,,2025-03,食費,,,,,,,,,,,,,,,,,,,,,,,,,,
,3/29,大井食品館,paypay H,,-¥469,,,2025-03,食費,,,,,,,,,,,,,,,,,,,,,,,,,,
,3/29,大井食品館,paypay H,,"-¥2,553",,,2025-03,食費,,,,,,,,,,,,,,,,,,,,,,,,,,
,3/29,好餃子,paypay H,,-¥574,,,2025-03,食費,,,,,,,,,,,,,,,,,,,,,,,,,,
,3/30,権兵衛,現金 H,,-¥620,,,2025-03,食費,,,,,,,,,,,,,,,,,,,,,,,,,,
,3/30,アトレえびす大黒,現金 H,,"-¥5,226",,,2025-03,食費,,,,,,,,,,,,,,,,,,,,,,,,,,
,3/30,Family Mart,paypay H,,"-¥1,042",,,2025-03,食費,,,,,,,,,,,,,,,,,,,,,,,,,,
,3/30,成城石井,現金 H,,"-¥1,952",,,2025-03,食費,,,,,,,,,,,,,,,,,,,,,,,,,,
,3/30,7-Eleven,paypay W,,-¥953,,,2025-03,食費,,,,,,,,,,,,,,,,,,,,,,,,,,
,3/31,green wizard cafe,paypay H,,"-¥1,330",,,2025-03,食費,,,,,,,,,,,,,,,,,,,,,,,,,,
,3/31,Komeda Coffee,paypay W,,"-¥1,670",,,2025-03,食費,,,,,,,,,,,,,,,,,,,,,,,,,,
,3/31,カナデリカ,paypay H,,"-¥3,652",,,2025-03,食費,,,,,,,,,,,,,,,,,,,,,,,,,,
,3/31,アップルパイ考太郎,現金 H,,"-¥2,858",,,2025-03,食費,,,,,,,,,,,,,,,,,,,,,,,,,,
諸々,,,,-$18.99,"-¥187,946",¥0,,,,,,,,,,,,,,,,,,,,,,,,,,,,,
,3/3,daiso,paypay H,,-¥440,,,2025-03,諸々,,,,,,,,,,,,,,,,,,,,,,,,,,
,3/10,？？？,USAA,-$18.99,,,,2025-03,諸々,,,,,,,,,,,,,,,,,,,,,,,,,,
,3/10,daiso,paypay H,,"-¥1,540",,,2025-03,諸々,,,,,,,,,,,,,,,,,,,,,,,,,,
,3/10,マツモトキヨシ,Paypay W,,-¥402,,,2025-03,諸々,,,,,,,,,,,,,,,,,,,,,,,,,,
,3/10,マツモトキヨシ,paypay H ,,"-¥2,335",,,2025-03,諸々,,,,,,,,,,,,,,,,,,,,,,,,,,
,3/11,マツモトキヨシ,paypay H,,"-¥1,249",,,2025-03,諸々,,,,,,,,,,,,,,,,,,,,,,,,,,
,3/11,Amazon JP,paypay H,,-¥286,柔軟剤,,2025-03,諸々,,,,,,,,,,,,,,,,,,,,,,,,,,
,3/11,パナソニックストアプラス,paypay H,,"-¥2,970",冷蔵庫浄水フィルター,,2025-03,諸々,,,,,,,,,,,,,,,,,,,,,,,,,,
,3/12,森嶋クリニック,prestia,,"-¥4,500",,,2025-03,諸々,,,,,,,,,,,,,,,,,,,,,,,,,,
,3/12,金町整形外科,prestia,,"-¥2,470",W back,,2025-03,諸々,,,,,,,,,,,,,,,,,,,,,,,,,,
,3/12,水戸薬局,prestia,,,,,2025-03,諸々,,,,,,,,,,,,,,,,,,,,,,,,,,
,3/14,リンナイスタイル,paypay H,,"-¥6,920",カンタくんフィルター,,2025-03,諸々,,,,,,,,,,,,,,,,,,,,,,,,,,
,3/14,ベルメゾン,paypay H,,"-¥10,432",ブランケット、エルサ洋服,,2025-03,諸々,,,,,,,,,,,,,,,,,,,,,,,,,,
,3/15,楽天,pretia,,"-¥3,587",理咲用掛け布団,,2025-03,諸々,,,,,,,,,,,,,,,,,,,,,,,,,,
,3/17,切手,paypay H,,-¥110,,,2025-03,諸々,,,,,,,,,,,,,,,,,,,,,,,,,,
,3/17,seria,paypay H,,"-¥1,760",,,2025-03,諸々,,,,,,,,,,,,,,,,,,,,,,,,,,
,3/17,ココカラファイン,paypay H,,-¥816,,,2025-03,諸々,,,,,,,,,,,,,,,,,,,,,,,,,,
,3/17,daiso,paypay H,,-¥660,,,2025-03,諸々,,,,,,,,,,,,,,,,,,,,,,,,,,
,3/17,マツモトキヨシ,paypay H,,"-¥2,772",,,2025-03,諸々,,,,,,,,,,,,,,,,,,,,,,,,,,
,3/20,daiso,paypay H,,-¥440,,,2025-03,諸々,,,,,,,,,,,,,,,,,,,,,,,,,,
,3/20,Natulear verde,Prestia,,"-¥4,950",W haircut,,2025-03,諸々,,,,,,,,,,,,,,,,,,,,,,,,,,
,3/21,マツモトキヨシ,paypay H,,"-¥1,218",,,2025-03,諸々,,,,,,,,,,,,,,,,,,,,,,,,,,
,3/22,daiso,paypay H,,-¥220,,,2025-03,諸々,,,,,,,,,,,,,,,,,,,,,,,,,,
,3/22,midas,paypay H,,-¥110,,,2025-03,諸々,,,,,,,,,,,,,,,,,,,,,,,,,,
,3/23,ジェシーピザ,現金 H,,"-¥5,810",,,2025-03,諸々,,,,,,,,,,,,,,,,,,,,,,,,,,
,3/24,Amazon JP,paypay H,,"-¥9,016",,タオル、ヘアマスク,2025-03,諸々,,,,,,,,,,,,,,,,,,,,,,,,,,
,3/27,ココカラファイン,paypay H,,"-¥4,726",,,2025-03,諸々,,,,,,,,,,,,,,,,,,,,,,,,,,
,3/28,東京都旅券事務所,現金H,,"-¥2,000",,,2025-03,諸々,,,,,,,,,,,,,,,,,,,,,,,,,,
,3/28,収入印紙取扱窓口,現金 H,,"-¥14,000",,,2025-03,諸々,,,,,,,,,,,,,,,,,,,,,,,,,,
,3/28,daimaru,paypay H,,"-¥11,660",,,2025-03,諸々,,,,,,,,,,,,,,,,,,,,,,,,,,
,3/29,まさきに返金,現金 H,,"-¥10,500",,車点検＆ドアガード代,2025-03,諸々,,,,,,,,,,,,,,,,,,,,,,,,,,
,3/29,Pamm,Paypay W,,"-¥51,520",,,2025-03,諸々,,,,,,,,,,,,,,,,,,,,,,,,,,
,3/29,Nintendo store,Paypay W,,"-¥5,686",,Plushies for kids,2025-03,諸々,,,,,,,,,,,,,,,,,,,,,,,,,,
,3/30,Amazon JP,paypay H,,"-¥1,230",,バスタオル,2025-03,諸々,,,,,,,,,,,,,,,,,,,,,,,,,,
,3/30,Amazon JP,paypay H,,"-¥1,266",,タオル,2025-03,諸々,,,,,,,,,,,,,,,,,,,,,,,,,,
,3/30,Amazon JP,paypay H,,"-¥1,819",,学童クッション,2025-03,諸々,,,,,,,,,,,,,,,,,,,,,,,,,,
,3/30,Amazon JP,paypay H,,"-¥12,715",,ドリル、上履き、オムツ,2025-03,諸々,,,,,,,,,,,,,,,,,,,,,,,,,,
,3/31,loft,paypay H,,"-¥1,298",,カード、クリアファイル,2025-03,諸々,,,,,,,,,,,,,,,,,,,,,,,,,,
,3/31,party rico,paypay H,,"-¥2,123",,みのりちゃん誕生日用プレゼント。筆箱、鉛筆キャップ,2025-03,諸々,,,,,,,,,,,,,,,,,,,,,,,,,,
,3/31,daiso,paypay H,,-¥770,,,2025-03,諸々,,,,,,,,,,,,,,,,,,,,,,,,,,
,3/31,Amazon JP,paypay H,,"-¥1,620",,上履き,2025-03,諸々,,,,,,,,,,,,,,,,,,,,,,,,,,
玲お小遣い,,,,$0.00,-¥110,¥0,,,,,,,,,,,,,,,,,,,,,,,,,,,,,
,3/8,Daiso,Paypay W,,-¥110,Rey coloring book,,2025-03,玲お小遣い,,,,,,,,,,,,,,,,,,,,,,,,,,
W おこづかい,,,,-$41.98,"-¥3,161",¥0,,,,,,,,,,,,,,,,,,,,,,,,,,,,,
,3/4,YouTube Premium,USAA,-$13.99,,,,2025-03,W おこづかい,,,,,,,,,,,,,,,,,,,,,,,,,,
,3/8,Off Book,USAA,,,,,2025-03,W おこづかい,,,,,,,,,,,,,,,,,,,,,,,,,,
,3/10,Book 1st,prestia,,"-¥1,540",W FSS comic,,2025-03,W おこづかい,,,,,,,,,,,,,,,,,,,,,,,,,,
,3/13,Dropout,USAA,-5.99,,,,2025-03,W おこづかい,,,,,,,,,,,,,,,,,,,,,,,,,,
,3/17,Kobo,Prestia,,"-¥1,621",W KSR book,,2025-03,W おこづかい,,,,,,,,,,,,,,,,,,,,,,,,,,
,3/24,OpenAI,USAA,-$22.00,,,,2025-03,W おこづかい,,,,,,,,,,,,,,,,,,,,,,,,,,
寛子おこづかい,,,,$0.00,"-¥2,813",¥0,,,,,,,,,,,,,,,,,,,,,,,,,,,,,
,3/28,皇居三の丸尚蔵館,paypay H,,"-¥1,000",,,2025-03,寛子おこづかい,,,,,,,,,,,,,,,,,,,,,,,,,,
,3/28,アネモネ,paypay H,,"-¥1,210",,髪留め,2025-03,寛子おこづかい,,,,,,,,,,,,,,,,,,,,,,,,,,
,3/30,アトレ大井町有隣堂,現金 H,,-¥273,,,2025-03,寛子おこづかい,,,,,,,,,,,,,,,,,,,,,,,,,,
,3/30,アトレ　ルナアース,現金 H,,-¥330,,,2025-03,寛子おこづかい,,,,,,,,,,,,,,,,,,,,,,,,,,
USA,,,,"$4,666.38",¥0,¥0,,,,,,,,,,,,,,,,,,,,,,,,,,,,,
,3/11,SRE Property,USAA,"$5,793.88",,,,2025-03,USA,,,,,,,,,,,,,,,,,,,,,,,,,,
,3/11,USAA Property Insurance,USAA,-$62.50,,,,2025-03,USA,,,,,,,,,,,,,,,,,,,,,,,,,,
,3/18,HOA,USAA,-$305.00,,,,2025-03,USA,,,,,,,,,,,,,,,,,,,,,,,,,,
,3/21,SRE Property,USAA,-$760.00,door handle,,,2025-03,USA,,,,,,,,,,,,,,,,,,,,,,,,,,
2025-04,,,,"-$54,807.96","-¥156,130,678",,,,,,,,,,,,,,,,,,,,,,,,,,,,,,
給料,,,,$0.00,"¥766,316",¥0,,,,,,,,,,,,,,,,,,,,,,,,,,,,,
,4/25,facebook,Prestia,,"¥766,316",,,2025-04,給料,,,,,,,,,,,,,,,,,,,,,,,,,,
経費,,,,"$5,629.26","-¥156,447,506",¥0,,,,,,,,,,,,,,,,,,,,,,,,,,,,,
,4/4,金町ぷらっと,paypay H,,"-¥1,700",,場所代,2025-04,経費,,,,,,,,,,,,,,,,,,,,,,,,,,
,4/5,Kidsna sitter,Prestia,,"-¥36,328",,,2025-04,経費,,,,,,,,,,,,,,,,,,,,,,,,,,
,4/6,ネイス体操教室,prestia,,"-¥24,500",,,2025-04,経費,,,,,,,,,,,,,,,,,,,,,,,,,,
,4/6,Enejet,cash W,,"-¥7,469",,Diesel,2025-04,経費,,,,,,,,,,,,,,,,,,,,,,,,,,
,4/8,ネイス体操教室,nanaco H,,"-¥29,566",,玲分を7-elevenでコンビニ払い,2025-04,経費,,,,,,,,,,,,,,,,,,,,,,,,,,
,4/10,葛飾区児童手当,ゆうちょ,,"¥120,000",,,2025-04,経費,,,,,,,,,,,,,,,,,,,,,,,,,,
,4/11,金町ぷらっと,paypay H,,"-¥1,700",,,2025-04,経費,,,,,,,,,,,,,,,,,,,,,,,,,,
,4/11,SRE management,USAA,"$5,667.21",,,,2025-04,経費,,,,,,,,,,,,,,,,,,,,,,,,,,
,4/13,Apple One,USAA,-$37.95,,,,2025-04,経費,,,,,,,,,,,,,,,,,,,,,,,,,,
,4/14,Z会,Prestia,,"-¥29,070",,,2025-04,経費,,,,,,,,,,,,,,,,,,,,,,,,,,
,4/15,東京ガス,ゆうちょ,,"-¥41,008",,,2025-04,経費,,,,,,,,,,,,,,,,,,,,,,,,,,
,4/18,東京０１８サポート,ゆうちょ,,"¥40,000",,,2025-04,経費,,,,,,,,,,,,,,,,,,,,,,,,,,
,4/23,納税引き落とし,ゆうちょ,,"-¥156,341,400",,,2025-04,経費,,,,,,,,,,,,,,,,,,,,,,,,,,
,4/25,カナマチぷらっと,paypay W,,"-¥1,700",,,2025-04,経費,,,,,,,,,,,,,,,,,,,,,,,,,,
,4/26,沓澤先生,prestia,,"-¥24,000",,4/4、4/11、4/25 レッスン費用各八千円,2025-04,経費,,,,,,,,,,,,,,,,,,,,,,,,,,
,4/28,七田式,ゆうちょ,,"-¥21,945",,,2025-04,経費,,,,,,,,,,,,,,,,,,,,,,,,,,
,4/28,J-Com,ゆうちょ,,"-¥7,568",,,2025-04,経費,,,,,,,,,,,,,,,,,,,,,,,,,,
,4/28,Kumon,ゆうちょ,,"-¥23,100",,,2025-04,経費,,,,,,,,,,,,,,,,,,,,,,,,,,
,4/28,ETC,ゆうちょ,,"-¥1,880",,,2025-04,経費,,,,,,,,,,,,,,,,,,,,,,,,,,
,4/28,ルネサンス,ゆうちょ,,"-¥10,670",,,2025-04,経費,,,,,,,,,,,,,,,,,,,,,,,,,,
,4/30,Docomo,ゆうちょ,,"-¥3,902",,,2025-04,経費,,,,,,,,,,,,,,,,,,,,,,,,,,
Business trip,,,,-$854.38,"-¥48,738",¥0,,,,,,,,,,,,,,,,,,,,,,,,,,,,,
,4/1,Comfort City Cab,Prestia,,"-¥3,630",,,2025-04,Business trip,,,,,,,,,,,,,,,,,,,,,,,,,,
,4/2,Grab,Prestia,,"-¥1,853",,,2025-04,Business trip,,,,,,,,,,,,,,,,,,,,,,,,,,
,4/2,Le Bistrot du Sommelier,Prestia,,"-¥8,763",,,2025-04,Business trip,,,,,,,,,,,,,,,,,,,,,,,,,,
,4/2,The Glasshouse,Prestia,,"-¥1,106",,,2025-04,Business trip,,,,,,,,,,,,,,,,,,,,,,,,,,
,4/2,Koma,Prestia,,"-¥15,602",,,2025-04,Business trip,,,,,,,,,,,,,,,,,,,,,,,,,,
,4/3,Grab,Prestia,,"-¥6,314",,,2025-04,Business trip,,,,,,,,,,,,,,,,,,,,,,,,,,
,4/3,Ritz-Carlton,USAA,-$854.38,,,,2025-04,Business trip,,,,,,,,,,,,,,,,,,,,,,,,,,
,4/4,洲崎交通株式会社,Prestia,,"-¥11,470",,,2025-04,Business trip,,,,,,,,,,,,,,,,,,,,,,,,,,
食費,,,,-$7.62,"-¥264,511",¥0,,,,,,,,,,,,,,,,,,,,,,,,,,,,,
,4/1,Lawson 100,paypay H,,"-¥2,309",,,2025-04,食費,,,,,,,,,,,,,,,,,,,,,,,,,,
,4/1,東急,paypay H,,"-¥5,809",,,2025-04,食費,,,,,,,,,,,,,,,,,,,,,,,,,,
,4/2,ikea,paypay H,,"-¥3,760",,,2025-04,食費,,,,,,,,,,,,,,,,,,,,,,,,,,
,4/2,ikea,paypay H,,-¥150,,,2025-04,食費,,,,,,,,,,,,,,,,,,,,,,,,,,
,4/3,Hainan Story,USAA,-7.62,,,,2025-04,食費,,,,,,,,,,,,,,,,,,,,,,,,,,
,4/3,7-Eleven,nanaco H,,"-¥2,585",,,2025-04,食費,,,,,,,,,,,,,,,,,,,,,,,,,,
,4/4,hakuta,paypay H,,"-¥1,860",,,2025-04,食費,,,,,,,,,,,,,,,,,,,,,,,,,,
,4/4,東急,paypay H,,"-¥5,956",,,2025-04,食費,,,,,,,,,,,,,,,,,,,,,,,,,,
,4/4,銀だこ,Paypay W,,,,,2025-04,食費,,,,,,,,,,,,,,,,,,,,,,,,,,
,4/4,Starbucks,Paypay W,,"-¥1,416",,,2025-04,食費,,,,,,,,,,,,,,,,,,,,,,,,,,
,4/5,東急,Paypay W,,"-¥5,887",,,2025-04,食費,,,,,,,,,,,,,,,,,,,,,,,,,,
,4/5,Invader,Paypay W,,"-¥3,076",,,2025-04,食費,,,,,,,,,,,,,,,,,,,,,,,,,,
,4/6,楽天 海鮮小樽,prestia,,"-¥1,053",,アーモンド小魚,2025-04,食費,,,,,,,,,,,,,,,,,,,,,,,,,,
,4/6,sweets plus,paypay W,,"-¥6,640",,,2025-04,食費,,,,,,,,,,,,,,,,,,,,,,,,,,
,4/6,Lawson,paypay W,,-¥408,,,2025-04,食費,,,,,,,,,,,,,,,,,,,,,,,,,,
,4/7,大戸屋,paypay H,,"-¥2,580",,,2025-04,食費,,,,,,,,,,,,,,,,,,,,,,,,,,
,4/7,東急,paypay H,,"-¥2,067",,,2025-04,食費,,,,,,,,,,,,,,,,,,,,,,,,,,
,4/7,Komeda Coffee,paypay W,,"-¥2,720",,,2025-04,食費,,,,,,,,,,,,,,,,,,,,,,,,,,
,4/8,いなげや,paypay H,,"-¥2,563",,,2025-04,食費,,,,,,,,,,,,,,,,,,,,,,,,,,
,4/8,くら寿司,paypay H,,"-¥7,650",,,2025-04,食費,,,,,,,,,,,,,,,,,,,,,,,,,,
,4/8,しかく,paypay W,,"-¥2,300",,,2025-04,食費,,,,,,,,,,,,,,,,,,,,,,,,,,
,4/8,ｶｲｾﾝｵﾀﾙ,Prestia,,"-¥1,053",,,2025-04,食費,,,,,,,,,,,,,,,,,,,,,,,,,,
,4/9,Godiva lake town,paypay H,,-¥662,,,2025-04,食費,,,,,,,,,,,,,,,,,,,,,,,,,,
,4/9,東急,paypay H,,"-¥2,862",,,2025-04,食費,,,,,,,,,,,,,,,,,,,,,,,,,,
,4/9,しかく,Paypay W,,"-¥2,500",,,2025-04,食費,,,,,,,,,,,,,,,,,,,,,,,,,,
,4/9,ダンダダン,Paypay W,,"-¥5,758",,,2025-04,食費,,,,,,,,,,,,,,,,,,,,,,,,,,
,4/9,おかしのまちおか,paypay H,,-¥892,,,2025-04,食費,,,,,,,,,,,,,,,,,,,,,,,,,,
,4/9,kaldi,paypay H,,"-¥3,611",,,2025-04,食費,,,,,,,,,,,,,,,,,,,,,,,,,,
,4/10,Lawson,Paypay W,,-¥237,,,2025-04,食費,,,,,,,,,,,,,,,,,,,,,,,,,,
,4/10,kanadelica,paypay H,,"-¥4,988",,,2025-04,食費,,,,,,,,,,,,,,,,,,,,,,,,,,
,4/10,Fepa,paypay H,,"-¥1,252",,,2025-04,食費,,,,,,,,,,,,,,,,,,,,,,,,,,
,4/10,Fepa,paypay H,,"-¥4,422",,,2025-04,食費,,,,,,,,,,,,,,,,,,,,,,,,,,
,4/10,McDonald’s,paypay W,,-¥930,,,2025-04,食費,,,,,,,,,,,,,,,,,,,,,,,,,,
,4/11,hakuta,Paypay W,,"-¥2,500",,,2025-04,食費,,,,,,,,,,,,,,,,,,,,,,,,,,
,4/11,hakuta,paypay H,,"-¥6,255",,,2025-04,食費,,,,,,,,,,,,,,,,,,,,,,,,,,
,4/11,立花,paypay H,,"-¥1,220",,,2025-04,食費,,,,,,,,,,,,,,,,,,,,,,,,,,
,4/12,おかしのまちおか,paypay H,,-¥574,,,2025-04,食費,,,,,,,,,,,,,,,,,,,,,,,,,,
,4/12,から好し,paypay W,,"-¥2,128",,,2025-04,食費,,,,,,,,,,,,,,,,,,,,,,,,,,
,4/13,東急,Paypay W,,"-¥2,936",,,2025-04,食費,,,,,,,,,,,,,,,,,,,,,,,,,,
,4/13,7-Eleven,Paypay W,,"-¥3,720",,,2025-04,食費,,,,,,,,,,,,,,,,,,,,,,,,,,
,4/13,銚子丸,paypay W,,"-¥7,150",,,2025-04,食費,,,,,,,,,,,,,,,,,,,,,,,,,,
,4/14,東急,paypay H,,"-¥6,268",,,2025-04,食費,,,,,,,,,,,,,,,,,,,,,,,,,,
,4/14,Komeda Coffee,Paypay W,,"-¥2,570",,,2025-04,食費,,,,,,,,,,,,,,,,,,,,,,,,,,
,4/14,さぼてん,paypay H,,"-¥1,100",,,2025-04,食費,,,,,,,,,,,,,,,,,,,,,,,,,,
,4/15,東急,Paypay W,,"-¥4,378",,,2025-04,食費,,,,,,,,,,,,,,,,,,,,,,,,,,
,4/15,シャトレーゼ,paypay H,,-¥138,,,2025-04,食費,,,,,,,,,,,,,,,,,,,,,,,,,,
,4/16,bronco billy,paypay H,,"-¥7,128",,,2025-04,食費,,,,,,,,,,,,,,,,,,,,,,,,,,
,4/17,7-Eleven,nanaco H,,"-¥2,957",,,2025-04,食費,,,,,,,,,,,,,,,,,,,,,,,,,,
,4/17,東急,paypay H,,"-¥4,971",,,2025-04,食費,,,,,,,,,,,,,,,,,,,,,,,,,,
,4/17,にしだ場,Paypay W,,"-¥1,350",,,2025-04,食費,,,,,,,,,,,,,,,,,,,,,,,,,,
,4/18,カフェしかく,paypay H,,"-¥1,500",,,2025-04,食費,,,,,,,,,,,,,,,,,,,,,,,,,,
,4/18,カフェしかく,paypay W,,"-¥1,500",,,2025-04,食費,,,,,,,,,,,,,,,,,,,,,,,,,,
,4/18,カフェしかく,paypay W,,"-¥1,050",,,2025-04,食費,,,,,,,,,,,,,,,,,,,,,,,,,,
,4/18,カフェしかく,paypay H,,-¥550,,,2025-04,食費,,,,,,,,,,,,,,,,,,,,,,,,,,
,4/18,sweets plus,paypay W,,"-¥7,043",,,2025-04,食費,,,,,,,,,,,,,,,,,,,,,,,,,,
,4/18,cafe しかく,paypay H,,"-¥3,150",,,2025-04,食費,,,,,,,,,,,,,,,,,,,,,,,,,,
,4/19,hakuta,paypay H,,"-¥5,890",,,2025-04,食費,,,,,,,,,,,,,,,,,,,,,,,,,,
,4/19,ひな野,paypay W,,"-¥13,926",,,2025-04,食費,,,,,,,,,,,,,,,,,,,,,,,,,,
,4/20,東急,paypay H,,"-¥4,888",,,2025-04,食費,,,,,,,,,,,,,,,,,,,,,,,,,,
,4/20,Lawson,paypay W,,"-¥1,236",,,2025-04,食費,,,,,,,,,,,,,,,,,,,,,,,,,,
,4/21,Komeda Coffee,paypay W,,"-¥2,410",,,2025-04,食費,,,,,,,,,,,,,,,,,,,,,,,,,,
,4/21,いなげや,paypay H,,"-¥4,921",,,2025-04,食費,,,,,,,,,,,,,,,,,,,,,,,,,,
,4/21,Saizeriya,Prestia,,"-¥3,260",,,2025-04,食費,,,,,,,,,,,,,,,,,,,,,,,,,,
,4/22,東急,Paypay W,,"-¥7,056",,,2025-04,食費,,,,,,,,,,,,,,,,,,,,,,,,,,
,4/23,東急,paypay H,,"-¥1,527",,,2025-04,食費,,,,,,,,,,,,,,,,,,,,,,,,,,
,4/23,東急,Paypay W,,"-¥4,598",,,2025-04,食費,,,,,,,,,,,,,,,,,,,,,,,,,,
,4/25,立花,paypay H,,"-¥3,150",,,2025-04,食費,,,,,,,,,,,,,,,,,,,,,,,,,,
,4/25,kaldi,paypay H,,"-¥6,038",,,2025-04,食費,,,,,,,,,,,,,,,,,,,,,,,,,,
,4/25,東急,paypay H,,"-¥5,245",,,2025-04,食費,,,,,,,,,,,,,,,,,,,,,,,,,,
,4/26,東急,paypay W,,"-¥5,851",,,2025-04,食費,,,,,,,,,,,,,,,,,,,,,,,,,,
,4/27,ikea,paypay W,,-¥798,,ポテトチップス,2025-04,食費,,,,,,,,,,,,,,,,,,,,,,,,,,
,4/27,ikea,paypay H,,-¥50,,,2025-04,食費,,,,,,,,,,,,,,,,,,,,,,,,,,
,4/27,Starbucks,paypay H,,-¥707,,,2025-04,食費,,,,,,,,,,,,,,,,,,,,,,,,,,
,4/27,Ikea,paypay W,,-¥150,,,2025-04,食費,,,,,,,,,,,,,,,,,,,,,,,,,,
,4/27,Ikea,paypay W,,-¥100,,,2025-04,食費,,,,,,,,,,,,,,,,,,,,,,,,,,
,4/27,Ikea,paypay W,,"-¥3,760",,,2025-04,食費,,,,,,,,,,,,,,,,,,,,,,,,,,
,4/28,kanadelica,paypay H,,"-¥4,329",,,2025-04,食費,,,,,,,,,,,,,,,,,,,,,,,,,,
,4/29,@Kitchen,paypay W,,"-¥4,430",,,2025-04,食費,,,,,,,,,,,,,,,,,,,,,,,,,,
,4/30,東急,paypay H,,"-¥6,140",,,2025-04,食費,,,,,,,,,,,,,,,,,,,,,,,,,,
,4/30,feta,paypay H,,"-¥9,823",,,2025-04,食費,,,,,,,,,,,,,,,,,,,,,,,,,,
,4/30,さぼてん,paypay H ,,"-¥1,100",,,2025-04,食費,,,,,,,,,,,,,,,,,,,,,,,,,,
,4/22,Lawson,PayPay W,,-¥119,,,2025-04,食費,,,,,,,,,,,,,,,,,,,,,,,,,,
,4/23,7-Eleven,PayPay W,,-¥645,,,2025-04,食費,,,,,,,,,,,,,,,,,,,,,,,,,,
,4/26,7-Eleven,PayPay W,,-¥272,,,2025-04,食費,,,,,,,,,,,,,,,,,,,,,,,,,,
諸々,,,,-$736.33,"-¥125,906",¥0,,,,,,,,,,,,,,,,,,,,,,,,,,,,,
,4/2,Beyond the Vines,USAA,-$88.73,,,,2025-04,諸々,,,,,,,,,,,,,,,,,,,,,,,,,,
,4/2,ikea,paypay H,,"-¥1,499",,,2025-04,諸々,,,,,,,,,,,,,,,,,,,,,,,,,,
,4/2,イトーヨーカドー,nanaco H,,"-¥3,080",,バスタオル４枚,2025-04,諸々,,,,,,,,,,,,,,,,,,,,,,,,,,
,4/3,Kele Jewel,USAA,-$36.48,,,,2025-04,諸々,,,,,,,,,,,,,,,,,,,,,,,,,,
,4/3,Backyard Bakers,USAA,-$22.65,,,,2025-04,諸々,,,,,,,,,,,,,,,,,,,,,,,,,,
,4/3,Bengawan Solo,USAA,-$123.34,,,,2025-04,諸々,,,,,,,,,,,,,,,,,,,,,,,,,,
,4/3,Fairprice Finest,USAA,-$103.01,,,,2025-04,諸々,,,,,,,,,,,,,,,,,,,,,,,,,,
,4/3,Tea Boutique,USAA,-$170.08,,,,2025-04,諸々,,,,,,,,,,,,,,,,,,,,,,,,,,
,4/3,Bacha Coffee,USAA,-$157.75,,,,2025-04,諸々,,,,,,,,,,,,,,,,,,,,,,,,,,
,4/3,Bacha Coffee,USAA,-$34.29,,,,2025-04,諸々,,,,,,,,,,,,,,,,,,,,,,,,,,
,4/8,マツモトキヨシ,paypay H,,"-¥3,273",,,2025-04,諸々,,,,,,,,,,,,,,,,,,,,,,,,,,
,4/8,seria,paypay H,,"-¥1,320",,,2025-04,諸々,,,,,,,,,,,,,,,,,,,,,,,,,,
,4/9,イオン,paypay H,,"-¥2,178",,,2025-04,諸々,,,,,,,,,,,,,,,,,,,,,,,,,,
,4/9,イオン,paypay H,,"-¥3,102",,,2025-04,諸々,,,,,,,,,,,,,,,,,,,,,,,,,,
,4/9,しまむら,paypay H,,"-¥12,743",,,2025-04,諸々,,,,,,,,,,,,,,,,,,,,,,,,,,
,4/9,大和書店,現金H&W,,"-¥3,608",,,2025-04,諸々,,,,,,,,,,,,,,,,,,,,,,,,,,
,4/12,大和書店,現金 H,,-¥565,,,2025-04,諸々,,,,,,,,,,,,,,,,,,,,,,,,,,
,4/14,daiso,paypay H,,-¥110,,,2025-04,諸々,,,,,,,,,,,,,,,,,,,,,,,,,,
,4/17,daiso,paypay H,,-¥440,,,2025-04,諸々,,,,,,,,,,,,,,,,,,,,,,,,,,
,4/17,ユニケアー,paypay H,,"-¥1,110",,,2025-04,諸々,,,,,,,,,,,,,,,,,,,,,,,,,,
,4/18,柴又駐車場,現金H,,-¥440,,ビンゴにイースター。駐車代。,2025-04,諸々,,,,,,,,,,,,,,,,,,,,,,,,,,
,4/20,H&M,paypay W,,"-¥1,598",,Sunglasses for kids,2025-04,諸々,,,,,,,,,,,,,,,,,,,,,,,,,,
,4/21,daiso,paypay H,,-¥220,,,2025-04,諸々,,,,,,,,,,,,,,,,,,,,,,,,,,
,4/21,seria,paypay H,,-¥330,,,2025-04,諸々,,,,,,,,,,,,,,,,,,,,,,,,,,
,4/21,マツモトキヨシ,paypay H,,"-¥1,932",,,2025-04,諸々,,,,,,,,,,,,,,,,,,,,,,,,,,
,4/21,Amazon JP,paypay H,,"-¥9,852",,アクアビーズ、エコバッグ、タオル、ハサミ,2025-04,諸々,,,,,,,,,,,,,,,,,,,,,,,,,,
,4/23,ココカラファイン,paypay H,,"-¥2,742",,,2025-04,諸々,,,,,,,,,,,,,,,,,,,,,,,,,,
,4/23,daiso,paypay H,,-¥220,,,2025-04,諸々,,,,,,,,,,,,,,,,,,,,,,,,,,
,4/24,森嶋クリニック,Prestia,,"-¥1,150",,W pressure dizziness,2025-04,諸々,,,,,,,,,,,,,,,,,,,,,,,,,,
,4/24,英子に返金,現金H,,"-¥15,366",,"4/2 Flying Pig ¥1760, 4/9 牛カツ ¥2045, 4/19 コストコ ¥17,781から、英子負担分のハナエ先生商品券1500円とディズニーマスク１０箱分 ¥5720を差し引いて、¥15366",2025-04,諸々,,,,,,,,,,,,,,,,,,,,,,,,,,
,4/28,英子に返金,現金H,,"-¥40,700",,"4/7 木曽路 寛子 ¥2,239,  4/27 Costco ¥38,507＋ウィル立替え分　英子¥1500, ビュッフェ¥6,963＋けんいちろう君立替え分　アニー　駐車代 ¥1,200, 新宿駐車代¥925, 野菜レストラン¥6270

合計¥40,678",2025-04,諸々,,,,,,,,,,,,,,,,,,,,,,,,,,
,4/28,郵便局,paypay H,,-¥110,,,2025-04,諸々,,,,,,,,,,,,,,,,,,,,,,,,,,
,4/30,Daiso,paypay W,,-¥220,,Rey paper plates,2025-04,諸々,,,,,,,,,,,,,,,,,,,,,,,,,,
,4/30,コニー,cash H,,-¥239,,,2025-04,諸々,,,,,,,,,,,,,,,,,,,,,,,,,,
,4/30,ココカラファイン,paypay H,,"-¥6,161",,,2025-04,諸々,,,,,,,,,,,,,,,,,,,,,,,,,,
,4/20,H&M,PayPay W,,"-¥1,598",,,2025-04,諸々,,,,,,,,,,,,,,,,,,,,,,,,,,
,4/22,Suicaチャージ,Cash,,"-¥10,000",W cash,,2025-04,諸々,,,,,,,,,,,,,,,,,,,,,,,,,,
玲お小遣い,,,,$0.00,-¥643,¥0,,,,,,,,,,,,,,,,,,,,,,,,,,,,,
,4/15,Daiso,paypay W,,-¥220,,Rey legos,2025-04,玲お小遣い,,,,,,,,,,,,,,,,,,,,,,,,,,
,4/23,ココカラファイン,paypay W,,-¥423,,Rey tape,2025-04,玲お小遣い,,,,,,,,,,,,,,,,,,,,,,,,,,
寛子おこづかい,,,,$0.00,"-¥6,950",¥0,,,,,,,,,,,,,,,,,,,,,,,,,,,,,
,4/9,american holic,paypay H,,"-¥4,970",,,2025-04,寛子おこづかい,,,,,,,,,,,,,,,,,,,,,,,,,,
,4/9,cos mura イオン,paypay H,,"-¥1,980",,クロミリップバーム,2025-04,寛子おこづかい,,,,,,,,,,,,,,,,,,,,,,,,,,
W おこづかい,,,,-$216.10,¥0,¥0,,,,,,,,,,,,,,,,,,,,,,,,,,,,,
,4/4,YouTube Premium,USAA,-$13.99,,,,2025-04,W おこづかい,,,,,,,,,,,,,,,,,,,,,,,,,,
,4/8,Off Book,USAA,-$5.00,,,,2025-04,W おこづかい,,,,,,,,,,,,,,,,,,,,,,,,,,
,4/10,Gumroad,USAA,-$4.00,,,Monocle app,2025-04,W おこづかい,,,,,,,,,,,,,,,,,,,,,,,,,,
,4/13,Dropout,USAA,-$5.99,,,,2025-04,W おこづかい,,,,,,,,,,,,,,,,,,,,,,,,,,
,4/16,Seventh Records,USAA,-$165.12,,,MAGMA merch,2025-04,W おこづかい,,,,,,,,,,,,,,,,,,,,,,,,,,
,4/24,OpenAI,USAA,-$22.00,,,,2025-04,W おこづかい,,,,,,,,,,,,,,,,,,,,,,,,,,
USA,,,,"-$58,622.79",¥0,¥0,,,,,,,,,,,,,,,,,,,,,,,,,,,,,
,4/11,SRE Property,USAA,"$5,667.21",,,,2025-04,USA,,,,,,,,,,,,,,,,,,,,,,,,,,
,4/11,USAA Property Insurance,USAA,-$62.50,,,,2025-04,USA,,,,,,,,,,,,,,,,,,,,,,,,,,
,4/14,Yamada & Partners,USAA,"-$7,000.00",,,,2025-04,USA,,,,,,,,,,,,,,,,,,,,,,,,,,
,4/15,California tax,USAA,"-$57,109.00",,,,2025-04,USA,,,,,,,,,,,,,,,,,,,,,,,,,,
,4/29,Seton Testing,USAA,-$118.50,,,,2025-04,USA,,,,,,,,,,,,,,,,,,,,,,,,,,
医療費,,,,$0.00,"-¥2,740",¥0,,,,,,,,,,,,,,,,,,,,,,,,,,,,,
,4/24,カラフル薬局,PayPay W,,"-¥1,590",,,2025-04,医療費,,,,,,,,,,,,,,,,,,,,,,,,,,
,4/24,森嶋クリニック,Prestia,,"-¥1,150",,,2025-04,医療費,,,,,,,,,,,,,,,,,,,,,,,,,,
2025-05,,,,-$104.92,"¥316,626",,,,,,,,,,,,,,,,,,,,,,,,,,,,,,
給料,,,,$0.00,"¥955,698",¥0,,,,,,,,,,,,,,,,,,,,,,,,,,,,,
,5/2,facebook,Prestia,,"¥189,305",,,2025-05,給料,,,,,,,,,,,,,,,,,,,,,,,,,,
,5/23,facebook,Prestia,,"¥766,393",,,2025-05,給料,,,,,,,,,,,,,,,,,,,,,,,,,,
経費,,,,$0.00,"-¥108,163",¥0,,,,,,,,,,,,,,,,,,,,,,,,,,,,,
,5/21,沓澤先生,Prestia,,"-¥16,000",,,2025-05,経費,,,,,,,,,,,,,,,,,,,,,,,,,,
,5/15,東京海上,ゆうちょ,,"¥13,500",,保険代受け取り,2025-05,経費,,,,,,,,,,,,,,,,,,,,,,,,,,
,5/15,東京ガス,ゆうちょ,,"-¥36,980",,,2025-05,経費,,,,,,,,,,,,,,,,,,,,,,,,,,
,5/16,カナマチぷらっと,PayPay W,,"-¥1,700",,,2025-05,経費,,,,,,,,,,,,,,,,,,,,,,,,,,
,5/26,ルネサンス,ゆうちょ,,"-¥10,670",,,2025-05,経費,,,,,,,,,,,,,,,,,,,,,,,,,,
,5/27,七田式,ゆうちょ,,"-¥21,945",,,2025-05,経費,,,,,,,,,,,,,,,,,,,,,,,,,,
,5/27,J-Com,ゆうちょ,,"-¥7,568",,,2025-05,経費,,,,,,,,,,,,,,,,,,,,,,,,,,
,5/28,Kumon,ゆうちょ,,"-¥25,100",,,2025-05,経費,,,,,,,,,,,,,,,,,,,,,,,,,,
,5/4,カナマチぷらっと,PayPay W,,"-¥1,700",,,2025-05,経費,,,,,,,,,,,,,,,,,,,,,,,,,,
食費,,,,$0.00,"-¥303,449",¥0,,,,,,,,,,,,,,,,,,,,,,,,,,,,,
,5/1,7-Eleven,Paypay W,,-¥838,,,2025-05,食費,,,,,,,,,,,,,,,,,,,,,,,,,,
,5/1,東急,paypay H,,"-¥6,737",,,2025-05,食費,,,,,,,,,,,,,,,,,,,,,,,,,,
,5/1,hakuta,paypay H,,"-¥1,960",,,2025-05,食費,,,,,,,,,,,,,,,,,,,,,,,,,,
,5/1,夢工房,cash W,,"-¥2,640",,Shoe repair; to be reimbursed by Solovair,2025-05,食費,,,,,,,,,,,,,,,,,,,,,,,,,,
,5/2,東急,paypay H,,"-¥5,613",,,2025-05,食費,,,,,,,,,,,,,,,,,,,,,,,,,,
,5/2,Mos Burger,paypay W,,"-¥3,410",,,2025-05,食費,,,,,,,,,,,,,,,,,,,,,,,,,,
,5/2,flo,paypay H,,"-¥1,458",,,2025-05,食費,,,,,,,,,,,,,,,,,,,,,,,,,,
,5/5,大井食品店,paypay H,,"-¥2,160",,,2025-05,食費,,,,,,,,,,,,,,,,,,,,,,,,,,
,5/5,can do,paypay H,,"-¥1,426",,,2025-05,食費,,,,,,,,,,,,,,,,,,,,,,,,,,
,5/6,costco,現金H,,"-¥1,060",,,2025-05,食費,,,,,,,,,,,,,,,,,,,,,,,,,,
,5/7,東急,paypay H,,"-¥8,929",,,2025-05,食費,,,,,,,,,,,,,,,,,,,,,,,,,,
,5/7,hakuta,paypay H,,"-¥7,870",,,2025-05,食費,,,,,,,,,,,,,,,,,,,,,,,,,,
,5/7,hakuta,paypay H,,"-¥1,430",,,2025-05,食費,,,,,,,,,,,,,,,,,,,,,,,,,,
,5/7,楽天 海鮮小樽,Prestia,,"-¥1,442",,アーモンドフィッシュ,2025-05,食費,,,,,,,,,,,,,,,,,,,,,,,,,,
,5/8,tsunami,paypay H,,"-¥6,237",,,2025-05,食費,,,,,,,,,,,,,,,,,,,,,,,,,,
,5/8,東急,paypay H,,"-¥5,388",,,2025-05,食費,,,,,,,,,,,,,,,,,,,,,,,,,,
,5/9,東急,paypay H,,"-¥2,998",,,2025-05,食費,,,,,,,,,,,,,,,,,,,,,,,,,,
,5/9,flo,paypay H,,"-¥6,003",,,2025-05,食費,,,,,,,,,,,,,,,,,,,,,,,,,,
,5/10,東急,paypay H,,"-¥6,842",,,2025-05,食費,,,,,,,,,,,,,,,,,,,,,,,,,,
,5/11,いなげや,paypay H,,"-¥3,214",,,2025-05,食費,,,,,,,,,,,,,,,,,,,,,,,,,,
,5/12,東急,paypay H,,"-¥5,766",,,2025-05,食費,,,,,,,,,,,,,,,,,,,,,,,,,,
,5/13,木曽路,paypay H,,"-¥4,104",,,2025-05,食費,,,,,,,,,,,,,,,,,,,,,,,,,,
,5/13,木曽路,paypay H,,"-¥5,720",,,2025-05,食費,,,,,,,,,,,,,,,,,,,,,,,,,,
,5/14,Ok store,paypay H,,-¥322,,,2025-05,食費,,,,,,,,,,,,,,,,,,,,,,,,,,
,5/14,東急,paypay H,,"-¥5,327",,,2025-05,食費,,,,,,,,,,,,,,,,,,,,,,,,,,
,5/14,文明堂,paypay H,,"-¥1,874",,,2025-05,食費,,,,,,,,,,,,,,,,,,,,,,,,,,
,5/15,jessy pizza,cash H,,"-¥16,159",,,2025-05,食費,,,,,,,,,,,,,,,,,,,,,,,,,,
,5/15,東急,paypay H,,"-¥2,045",,,2025-05,食費,,,,,,,,,,,,,,,,,,,,,,,,,,
,5/15,楽天　海鮮小樽,Prestia,,"-¥3,060",,,2025-05,食費,,,,,,,,,,,,,,,,,,,,,,,,,,
,5/16,立花,paypay H,,"-¥1,990",,,2025-05,食費,,,,,,,,,,,,,,,,,,,,,,,,,,
,5/16,hakuta,paypay H,,"-¥7,890",,,2025-05,食費,,,,,,,,,,,,,,,,,,,,,,,,,,
,5/16,maruetsu,paypay H,,-¥95,,,2025-05,食費,,,,,,,,,,,,,,,,,,,,,,,,,,
,5/17,高倉町珈琲店,paypay H,,"-¥8,760",,,2025-05,食費,,,,,,,,,,,,,,,,,,,,,,,,,,
,5/19,東急,paypay W,,"-¥7,435",,,2025-05,食費,,,,,,,,,,,,,,,,,,,,,,,,,,
,5/20,小川畜産,paypay H,,"-¥2,450",,,2025-05,食費,,,,,,,,,,,,,,,,,,,,,,,,,,
,5/20,東急,paypay W,,"-¥2,689",,,2025-05,食費,,,,,,,,,,,,,,,,,,,,,,,,,,
,5/20,atre グリーングルメ,paypay H,,"-¥2,188",,,2025-05,食費,,,,,,,,,,,,,,,,,,,,,,,,,,
,5/20,大井食品館,paypay H,,"-¥2,840",,,2025-05,食費,,,,,,,,,,,,,,,,,,,,,,,,,,
,5/21,costco,現金 H,,"-¥1,180",,,2025-05,食費,,,,,,,,,,,,,,,,,,,,,,,,,,
,5/21,しかく,paypay H,,"-¥3,190",,,2025-05,食費,,,,,,,,,,,,,,,,,,,,,,,,,,
,5/22,fepa,paypay H,,"-¥8,822",,,2025-05,食費,,,,,,,,,,,,,,,,,,,,,,,,,,
,5/22,さぼてん,paypay H,,"-¥1,065",,,2025-05,食費,,,,,,,,,,,,,,,,,,,,,,,,,,
,5/22,東急,paypay H,,"-¥4,382",,,2025-05,食費,,,,,,,,,,,,,,,,,,,,,,,,,,
,5/23,東急,paypay H,,-¥816,,,2025-05,食費,,,,,,,,,,,,,,,,,,,,,,,,,,
,5/23,東急,paypay H,,"-¥4,313",,,2025-05,食費,,,,,,,,,,,,,,,,,,,,,,,,,,
,5/23,jessy pizza,現金 H,,"-¥4,340",,,2025-05,食費,,,,,,,,,,,,,,,,,,,,,,,,,,
,5/24,東急,paypay W,,"-¥2,046",,,2025-05,食費,,,,,,,,,,,,,,,,,,,,,,,,,,
,5/26,kaldi,paypay H,,"-¥3,936",,,2025-05,食費,,,,,,,,,,,,,,,,,,,,,,,,,,
,5/26,東急,paypay H,,"-¥4,426",,,2025-05,食費,,,,,,,,,,,,,,,,,,,,,,,,,,
,5/26,hakuta,paypay H,,"-¥6,000",,,2025-05,食費,,,,,,,,,,,,,,,,,,,,,,,,,,
,5/27,flo,paypay H,,"-¥3,152",,,2025-05,食費,,,,,,,,,,,,,,,,,,,,,,,,,,
,5/27,東急,paypay H,,"-¥3,383",,,2025-05,食費,,,,,,,,,,,,,,,,,,,,,,,,,,
,5/27,miimosa,paypay H,,"-¥8,800",,,2025-05,食費,,,,,,,,,,,,,,,,,,,,,,,,,,
,5/28,東急,paypay H,,"-¥3,609",,,2025-05,食費,,,,,,,,,,,,,,,,,,,,,,,,,,
,5/29,fepa,paypay H,,"-¥2,728",,,2025-05,食費,,,,,,,,,,,,,,,,,,,,,,,,,,
,5/29,lawson,paypay H,,-¥127,,,2025-05,食費,,,,,,,,,,,,,,,,,,,,,,,,,,
,5/29,lawson,paypay H,,-¥138,,,2025-05,食費,,,,,,,,,,,,,,,,,,,,,,,,,,
,5/29,文明堂,paypay H,,"-¥1,118",,,2025-05,食費,,,,,,,,,,,,,,,,,,,,,,,,,,
,5/31,7-Eleven,nanaco H,,"-¥1,161",,,2025-05,食費,,,,,,,,,,,,,,,,,,,,,,,,,,
,5/13,サイゼリヤ,Prestia,,"-¥4,710",,,2025-05,食費,,,,,,,,,,,,,,,,,,,,,,,,,,
,5/14,7-Eleven,PayPay W,,"-¥1,485",,,2025-05,食費,,,,,,,,,,,,,,,,,,,,,,,,,,
,5/14,Komeda,PayPay W,,"-¥2,470",,,2025-05,食費,,,,,,,,,,,,,,,,,,,,,,,,,,
,5/18,Delifrance,PayPay W,,"-¥1,244",,,2025-05,食費,,,,,,,,,,,,,,,,,,,,,,,,,,
,5/19,Hakuta,PayPay W,,"-¥1,730",,,2025-05,食費,,,,,,,,,,,,,,,,,,,,,,,,,,
,5/20,McDonald's,PayPay W,,-¥930,,,2025-05,食費,,,,,,,,,,,,,,,,,,,,,,,,,,
,5/20,Shitara,PayPay W,,"-¥6,005",,,2025-05,食費,,,,,,,,,,,,,,,,,,,,,,,,,,
,5/21,Starbucks,PayPay W,,"-¥1,340",,,2025-05,食費,,,,,,,,,,,,,,,,,,,,,,,,,,
,5/21,MOS BURGER,PayPay W,,"-¥1,720",,,2025-05,食費,,,,,,,,,,,,,,,,,,,,,,,,,,
,5/22,Komeda,PayPay W,,"-¥1,220",,,2025-05,食費,,,,,,,,,,,,,,,,,,,,,,,,,,
,5/23,松屋,PayPay W,,-¥770,,,2025-05,食費,,,,,,,,,,,,,,,,,,,,,,,,,,
,5/24,Kanadelica,PayPay W,,"-¥5,379",,,2025-05,食費,,,,,,,,,,,,,,,,,,,,,,,,,,
,5/25,Sweets Plus,PayPay W,,"-¥10,420",,,2025-05,食費,,,,,,,,,,,,,,,,,,,,,,,,,,
,5/29,Kura,PayPay W,,"-¥3,240",,,2025-05,食費,,,,,,,,,,,,,,,,,,,,,,,,,,
,5/29,Lawson,PayPay W,,-¥384,,,2025-05,食費,,,,,,,,,,,,,,,,,,,,,,,,,,
,5/30,Sweets Plus,PayPay W,,"-¥10,483",,,2025-05,食費,,,,,,,,,,,,,,,,,,,,,,,,,,
,5/30,McDonald's,PayPay W,,-¥930,,,2025-05,食費,,,,,,,,,,,,,,,,,,,,,,,,,,
,5/31,7-Eleven,PayPay W,,"-¥2,812",,,2025-05,食費,,,,,,,,,,,,,,,,,,,,,,,,,,
,5/31,Mansei,PayPay W,,"-¥8,679",,,2025-05,食費,,,,,,,,,,,,,,,,,,,,,,,,,,
,5/4,から好し,PayPay W,,"-¥2,755",,,2025-05,食費,,,,,,,,,,,,,,,,,,,,,,,,,,
,5/4,7-Eleven,PayPay W,,"-¥1,103",,,2025-05,食費,,,,,,,,,,,,,,,,,,,,,,,,,,
,5/4,から好し,PayPay W,,-¥760,,,2025-05,食費,,,,,,,,,,,,,,,,,,,,,,,,,,
,5/5,7-Eleven,PayPay W,,-¥300,,,2025-05,食費,,,,,,,,,,,,,,,,,,,,,,,,,,
,5/5,7-Eleven,PayPay W,,-¥658,,,2025-05,食費,,,,,,,,,,,,,,,,,,,,,,,,,,
,5/6,Komeda,PayPay W,,"-¥4,000",,,2025-05,食費,,,,,,,,,,,,,,,,,,,,,,,,,,
,5/6,7-Eleven,PayPay W,,-¥821,,,2025-05,食費,,,,,,,,,,,,,,,,,,,,,,,,,,
諸々,,,,$0.00,"-¥216,427",¥0,,,,,,,,,,,,,,,,,,,,,,,,,,,,,
,5/5,Amazon JP,paypay H,,"-¥1,698",,読書灯,2025-05,諸々,,,,,,,,,,,,,,,,,,,,,,,,,,
,5/5,Amazon JP,paypay H,,"-¥8,308",,水筒、マリオ筆箱、消しゴム,2025-05,諸々,,,,,,,,,,,,,,,,,,,,,,,,,,
,5/5,Amazon JP,paypay H,,-¥999,,鉛筆,2025-05,諸々,,,,,,,,,,,,,,,,,,,,,,,,,,
,5/6,ラフラフイオンタウン,paypay H,,"-¥1,848",,マリオ色鉛筆,2025-05,諸々,,,,,,,,,,,,,,,,,,,,,,,,,,
,5/6,sanki,paypay H,,"-¥16,331",,,2025-05,諸々,,,,,,,,,,,,,,,,,,,,,,,,,,
,5/7,daiso,paypay H,,-¥770,,,2025-05,諸々,,,,,,,,,,,,,,,,,,,,,,,,,,
,5/7,ココカラファイン,paypay H,,-¥250,,,2025-05,諸々,,,,,,,,,,,,,,,,,,,,,,,,,,
,5/8,loft,paypay H,,"-¥3,553",,,2025-05,諸々,,,,,,,,,,,,,,,,,,,,,,,,,,
,5/8,無印良品,paypay H,,"-¥2,990",,,2025-05,諸々,,,,,,,,,,,,,,,,,,,,,,,,,,
,5/8,daiso,paypay H,,"-¥2,420",,,2025-05,諸々,,,,,,,,,,,,,,,,,,,,,,,,,,
,5/8,Amazon JP,paypay H,,"-¥5,413",,タオル、帽子、スクラブ、ワッペン,2025-05,諸々,,,,,,,,,,,,,,,,,,,,,,,,,,
,5/8,Amazon JP,paypay H,,"-¥3,821",,,2025-05,諸々,,,,,,,,,,,,,,,,,,,,,,,,,,
,5/8,Amazon JP,paypay H,,"-¥3,674",,椿油、サングラス,2025-05,諸々,,,,,,,,,,,,,,,,,,,,,,,,,,
,5/11,seria,paypay H,,-¥990,,,2025-05,諸々,,,,,,,,,,,,,,,,,,,,,,,,,,
,5/11,Amazon JP,paypay H,,"-¥1,699",,ワッペン、鉛筆削り,2025-05,諸々,,,,,,,,,,,,,,,,,,,,,,,,,,
,5/12,daiso,paypay H,,"-¥1,320",,,2025-05,諸々,,,,,,,,,,,,,,,,,,,,,,,,,,
,5/12,マツモトキヨシ,paypay H,,"-¥1,745",,,2025-05,諸々,,,,,,,,,,,,,,,,,,,,,,,,,,
,5/12,Amazon JP,paypay H,,"-¥1,120",,コーヒーフィルター,2025-05,諸々,,,,,,,,,,,,,,,,,,,,,,,,,,
,5/13,Amazon JP,paypay H,,"-¥3,910",,ベープ、ワッペン,2025-05,諸々,,,,,,,,,,,,,,,,,,,,,,,,,,
,5/14,shimachu homes,paypay H,,"-¥1,958",,アースノーマット,2025-05,諸々,,,,,,,,,,,,,,,,,,,,,,,,,,
,5/14,しまむら,paypay H,,"-¥3,366",,,2025-05,諸々,,,,,,,,,,,,,,,,,,,,,,,,,,
,5/14,daiso,paypay H,,-¥330,,,2025-05,諸々,,,,,,,,,,,,,,,,,,,,,,,,,,
,5/15,楽天 polacoco,Prestia,,"-¥1,387",,,2025-05,諸々,,,,,,,,,,,,,,,,,,,,,,,,,,
,5/16,マツモトキヨシ,paypay H,,"-¥3,574",,,2025-05,諸々,,,,,,,,,,,,,,,,,,,,,,,,,,
,5/16,郵便局,paypay H,,-¥51,,,2025-05,諸々,,,,,,,,,,,,,,,,,,,,,,,,,,
,5/16,Amazon JP,paypay W,,"-¥2,348",,水着、鉛筆キャップ,2025-05,諸々,,,,,,,,,,,,,,,,,,,,,,,,,,
,5/18,ココカラファイン,paypay H,,-¥324,,,2025-05,諸々,,,,,,,,,,,,,,,,,,,,,,,,,,
,5/18,靴下屋,paypay H,,"-¥1,386",,,2025-05,諸々,,,,,,,,,,,,,,,,,,,,,,,,,,
,5/19,和光,paypay H,,"-¥93,500",,寛子メガネ,2025-05,諸々,,,,,,,,,,,,,,,,,,,,,,,,,,
,5/19,mizuho,現金,,"¥2,114",,,2025-05,諸々,,,,,,,,,,,,,,,,,,,,,,,,,,
,5/20,marks&web,paypay H,,"-¥2,300",,,2025-05,諸々,,,,,,,,,,,,,,,,,,,,,,,,,,
,5/20,atre 3 coins,paypay H,,-¥330,,理咲ヘアアクセ,2025-05,諸々,,,,,,,,,,,,,,,,,,,,,,,,,,
,5/20,can do,paypay H,,-¥764,,,2025-05,諸々,,,,,,,,,,,,,,,,,,,,,,,,,,
,5/20,Amazon JP,paypay H,,"-¥9,675",,オムツ、ホイップル,2025-05,諸々,,,,,,,,,,,,,,,,,,,,,,,,,,
,5/21,super sports xebio,paypay H,,-¥216,,,2025-05,諸々,,,,,,,,,,,,,,,,,,,,,,,,,,
,5/21,loft,paypay H,,"-¥1,760",,,2025-05,諸々,,,,,,,,,,,,,,,,,,,,,,,,,,
,5/21,right on,paypay H,,"-¥2,790",,玲マリオシャツ,2025-05,諸々,,,,,,,,,,,,,,,,,,,,,,,,,,
,5/22,ココカラファイン,paypay H,,"-¥2,430",,,2025-05,諸々,,,,,,,,,,,,,,,,,,,,,,,,,,
,5/23,ココカラファイン,paypay H,,"-¥4,233",,,2025-05,諸々,,,,,,,,,,,,,,,,,,,,,,,,,,
,5/28,モーリーファンタジー,paypay H,,"-¥2,000",,,2025-05,諸々,,,,,,,,,,,,,,,,,,,,,,,,,,
,5/18,MUJI,PayPay W,,"-¥2,240",,,2025-05,諸々,,,,,,,,,,,,,,,,,,,,,,,,,,
,5/18,UNIQLO,PayPay W,,"-¥11,470",,,2025-05,諸々,,,,,,,,,,,,,,,,,,,,,,,,,,
,5/5,駐車場,Cash,,"-¥2,300",,,2025-05,諸々,,,,,,,,,,,,,,,,,,,,,,,,,,
,5/8,natulear verde,PayPay W,,"-¥4,950",W haircut,,2025-05,諸々,,,,,,,,,,,,,,,,,,,,,,,,,,
お小遣い寛子,,,,$0.00,"-¥5,379",¥0,,,,,,,,,,,,,,,,,,,,,,,,,,,,,
,5/28,to blossoms,paypay H,,"-¥3,729",,,2025-05,お小遣い寛子,,,,,,,,,,,,,,,,,,,,,,,,,,
,5/28,lattice,paypay H,,"-¥1,650",,,2025-05,お小遣い寛子,,,,,,,,,,,,,,,,,,,,,,,,,,
ウィルおこづかい,,,,-$46.98,"-¥2,684",¥0,,,,,,,,,,,,,,,,,,,,,,,,,,,,,
,5/13,Dropout,USAA,-$5.99,,W spending,,2025-05,ウィルおこづかい,,,,,,,,,,,,,,,,,,,,,,,,,,
,5/22,Daiwa Books,PayPay W,,"-¥1,584",W books,,2025-05,ウィルおこづかい,,,,,,,,,,,,,,,,,,,,,,,,,,
,5/22,喜久屋書店,PayPay W,,-¥550,W books,,2025-05,ウィルおこづかい,,,,,,,,,,,,,,,,,,,,,,,,,,
,5/24,OpenAI,USAA,-$22.00,,W spending,,2025-05,ウィルおこづかい,,,,,,,,,,,,,,,,,,,,,,,,,,
,5/4,YouTube Premium,USAA,-$13.99,,W spending,,2025-05,ウィルおこづかい,,,,,,,,,,,,,,,,,,,,,,,,,,
,5/6,Laugh Laugh,PayPay W,,-¥550,,,2025-05,ウィルおこづかい,,,,,,,,,,,,,,,,,,,,,,,,,,
,5/8,Off Book,USAA,-$5.00,,W spending,,2025-05,ウィルおこづかい,,,,,,,,,,,,,,,,,,,,,,,,,,
USA,,,,-$57.94,¥0,¥0,,,,,,,,,,,,,,,,,,,,,,,,,,,,,
,5/13,Apple One,USAA,-$37.95,,,,2025-05,USA,,,,,,,,,,,,,,,,,,,,,,,,,,
,5/4,Wicked,USAA,-$19.99,,,,2025-05,USA,,,,,,,,,,,,,,,,,,,,,,,,,,
玲お小遣い,,,,$0.00,"-¥2,970",¥0,,,,,,,,,,,,,,,,,,,,,,,,,,,,,
,5/13,Seria,PayPay W,,-¥440,Rey legos,,2025-05,玲お小遣い,,,,,,,,,,,,,,,,,,,,,,,,,,
,5/21,Daiso,PayPay W,,-¥110,Rey legos,,2025-05,玲お小遣い,,,,,,,,,,,,,,,,,,,,,,,,,,
,5/25,Daiso,PayPay W,,-¥110,Rey toy,,2025-05,玲お小遣い,,,,,,,,,,,,,,,,,,,,,,,,,,
,5/30,Daiwa Books,Cash,,"-¥1,100",Rey Book,,2025-05,玲お小遣い,,,,,,,,,,,,,,,,,,,,,,,,,,
,5/6,KaBoS,PayPay W,,"-¥1,210",Rey book,,2025-05,玲お小遣い,,,,,,,,,,,,,,,,,,,,,,,,,,
2025-06,,,,-$287.90,"-¥1,579,475",,,,,,,,,,,,,,,,,,,,,,,,,,,,,,
経費,,,,-$19.99,"-¥716,787",¥0,,,,,,,,,,,,,,,,,,,,,,,,,,,,,
,6/4,dance place felice,paypay H,,"-¥2,000",,,2025-06,経費,,,,,,,,,,,,,,,,,,,,,,,,,,
,6/12,dance place felice,paypay H,,"-¥2,000",,,2025-06,経費,,,,,,,,,,,,,,,,,,,,,,,,,,
,6/19,dance place felice,paypay H,,"-¥2,000",,,2025-06,経費,,,,,,,,,,,,,,,,,,,,,,,,,,
,6/10,東金町小学校,ゆうちょ,,"-¥1,449",,,2025-06,経費,,,,,,,,,,,,,,,,,,,,,,,,,,
,6/10,葛飾区児童手当,ゆうちょ,,"¥40,000",,,2025-06,経費,,,,,,,,,,,,,,,,,,,,,,,,,,
,6/13,カナマチぷらっと,PayPay W,,"-¥1,700",,,2025-06,経費,,,,,,,,,,,,,,,,,,,,,,,,,,
,6/16,東京ガス,ゆうちょ,,"-¥26,396",,,2025-06,経費,,,,,,,,,,,,,,,,,,,,,,,,,,
,6/17,Netlify,USAA,-$19.99,,,,2025-06,経費,,,,,,,,,,,,,,,,,,,,,,,,,,
,6/2,Docomo,ゆうちょ,,"-¥4,059",,,2025-06,経費,,,,,,,,,,,,,,,,,,,,,,,,,,
,6/20,ネイス体操教室,ゆうちょ,,"-¥7,120",,,2025-06,経費,,,,,,,,,,,,,,,,,,,,,,,,,,
,6/20,ネイス体操教室,ゆうちょ,,"-¥8,400",,,2025-06,経費,,,,,,,,,,,,,,,,,,,,,,,,,,
,6/26,ルネサンス,ゆうちょ,,"-¥10,670",,,2025-06,経費,,,,,,,,,,,,,,,,,,,,,,,,,,
,6/27,七田式,ゆうちょ,,"-¥21,945",,,2025-06,経費,,,,,,,,,,,,,,,,,,,,,,,,,,
,6/27,J-Com,ゆうちょ,,"-¥7,568",,,2025-06,経費,,,,,,,,,,,,,,,,,,,,,,,,,,
,6/27,ETC,ゆうちょ,,"-¥3,470",,,2025-06,経費,,,,,,,,,,,,,,,,,,,,,,,,,,
,6/6,カナマチぷらっと,PayPay W,,"-¥1,700",,,2025-06,経費,,,,,,,,,,,,,,,,,,,,,,,,,,
,6/30,bingo international school,prestia,,"¥993,670",,返金,2025-06,経費,,,,,,,,,,,,,,,,,,,,,,,,,,
,6/30,facebook japan,prestia,,"-¥1,649,980",,納税借金分返金,2025-06,経費,,,,,,,,,,,,,,,,,,,,,,,,,,
食費,,,,$0.00,"-¥229,587",¥0,,,,,,,,,,,,,,,,,,,,,,,,,,,,,
,6/1,flo,paypay H,,"-¥1,338",,,2025-06,食費,,,,,,,,,,,,,,,,,,,,,,,,,,
,6/1,東急,paypay H,,"-¥5,465",,,2025-06,食費,,,,,,,,,,,,,,,,,,,,,,,,,,
,6/2,kitchen hisa,現金 H,,"-¥3,000",,,2025-06,食費,,,,,,,,,,,,,,,,,,,,,,,,,,
,6/2,東急,paypay H,,"-¥9,777",,,2025-06,食費,,,,,,,,,,,,,,,,,,,,,,,,,,
,6/3,東急,paypay H,,"-¥2,903",,,2025-06,食費,,,,,,,,,,,,,,,,,,,,,,,,,,
,6/4,7-Eleven,nanaco H,,"-¥1,373",,,2025-06,食費,,,,,,,,,,,,,,,,,,,,,,,,,,
,6/4,東急,paypay H,,"-¥3,648",,,2025-06,食費,,,,,,,,,,,,,,,,,,,,,,,,,,
,6/5,東急,paypay H,,-¥367,,,2025-06,食費,,,,,,,,,,,,,,,,,,,,,,,,,,
,6/5,7-Eleven,nanaco H,,"-¥2,211",,,2025-06,食費,,,,,,,,,,,,,,,,,,,,,,,,,,
,6/8,楽天　海鮮小樽,Prestia,,"-¥2,774",,,2025-06,食費,,,,,,,,,,,,,,,,,,,,,,,,,,
,6/8,コモディイイダ,paypay H,,"-¥4,676",,,2025-06,食費,,,,,,,,,,,,,,,,,,,,,,,,,,
,6/9,東急,paypay W,,"-¥5,510",,,2025-06,食費,,,,,,,,,,,,,,,,,,,,,,,,,,
,6/9,hakuta,paypay H,,"-¥4,650",,,2025-06,食費,,,,,,,,,,,,,,,,,,,,,,,,,,
,6/10,東急,paypay W,,"-¥5,508",,,2025-06,食費,,,,,,,,,,,,,,,,,,,,,,,,,,
,6/11,東急,paypay W,,"-¥8,579",,,2025-06,食費,,,,,,,,,,,,,,,,,,,,,,,,,,
,6/12,kanadelica,paypay H,,"-¥6,902",,,2025-06,食費,,,,,,,,,,,,,,,,,,,,,,,,,,
,6/14,東急,paypay W,,"-¥6,125",,,2025-06,食費,,,,,,,,,,,,,,,,,,,,,,,,,,
,6/15,東急,paypay H,,"-¥8,841",,,2025-06,食費,,,,,,,,,,,,,,,,,,,,,,,,,,
,6/15,sweets plus,Paypay W,,"-¥9,386",,,2025-06,食費,,,,,,,,,,,,,,,,,,,,,,,,,,
,6/16,東急,paypay H,,"-¥7,844",,,2025-06,食費,,,,,,,,,,,,,,,,,,,,,,,,,,
,6/17,東急,paypay W,,"-¥3,462",,,2025-06,食費,,,,,,,,,,,,,,,,,,,,,,,,,,
,6/18,東急,paypay W,,"-¥5,231",,,2025-06,食費,,,,,,,,,,,,,,,,,,,,,,,,,,
,6/18,kaldi,paypay W,,"-¥1,490",,,2025-06,食費,,,,,,,,,,,,,,,,,,,,,,,,,,
,6/19,楽天　海鮮小樽,Prestia,,"-¥3,214",,,2025-06,食費,,,,,,,,,,,,,,,,,,,,,,,,,,
,6/20,東急,paypay W,,"-¥5,862",,,2025-06,食費,,,,,,,,,,,,,,,,,,,,,,,,,,
,6/20,kaldi,paypay W,,-¥348,,,2025-06,食費,,,,,,,,,,,,,,,,,,,,,,,,,,
,6/20,family mart,paypay H,,-¥127,,,2025-06,食費,,,,,,,,,,,,,,,,,,,,,,,,,,
,6/21,東急,paypay W,,"-¥4,807",,,2025-06,食費,,,,,,,,,,,,,,,,,,,,,,,,,,
,6/21,東急,paypay W,,-¥298,,,2025-06,食費,,,,,,,,,,,,,,,,,,,,,,,,,,
,6/22,kaldi,paypay W,,"-¥3,008",,,2025-06,食費,,,,,,,,,,,,,,,,,,,,,,,,,,
,6/22,東急,paypay W,,"-¥3,715",,,2025-06,食費,,,,,,,,,,,,,,,,,,,,,,,,,,
,6/23,東急,paypay H,,"-¥6,293",,,2025-06,食費,,,,,,,,,,,,,,,,,,,,,,,,,,
,6/24,東急,paypay H,,"-¥5,525",,,2025-06,食費,,,,,,,,,,,,,,,,,,,,,,,,,,
,6/27,McDonald's,PayPay W,,-¥930,,,2025-06,食費,,,,,,,,,,,,,,,,,,,,,,,,,,
,6/27,東急,paypay H,,"-¥7,200",,,2025-06,食費,,,,,,,,,,,,,,,,,,,,,,,,,,
,6/27,Kanadelica,paypay H,,"-¥4,592",,,2025-06,食費,,,,,,,,,,,,,,,,,,,,,,,,,,
,6/30,東急,paypay H ,,"-¥7,117",,,2025-06,食費,,,,,,,,,,,,,,,,,,,,,,,,,,
,6/30,マクドナルド,paypay H,,"-¥2,180",,,2025-06,食費,,,,,,,,,,,,,,,,,,,,,,,,,,
,6/1,すき家,PayPay W,,"-¥1,870",,,2025-06,食費,,,,,,,,,,,,,,,,,,,,,,,,,,
,6/10,7-Eleven,PayPay W,,"-¥2,857",,,2025-06,食費,,,,,,,,,,,,,,,,,,,,,,,,,,
,6/10,7-Eleven,PayPay W,,-¥180,,,2025-06,食費,,,,,,,,,,,,,,,,,,,,,,,,,,
,6/11,7-Eleven,PayPay W,,-¥180,,,2025-06,食費,,,,,,,,,,,,,,,,,,,,,,,,,,
,6/12,7-Eleven,PayPay W,,-¥180,,,2025-06,食費,,,,,,,,,,,,,,,,,,,,,,,,,,
,6/12,McDonald's,PayPay W,,-¥690,,,2025-06,食費,,,,,,,,,,,,,,,,,,,,,,,,,,
,6/13,7-Eleven,PayPay W,,-¥180,,,2025-06,食費,,,,,,,,,,,,,,,,,,,,,,,,,,
,6/13,Komeda,PayPay W,,"-¥2,330",,,2025-06,食費,,,,,,,,,,,,,,,,,,,,,,,,,,
,6/14,7-Eleven,PayPay W,,-¥676,,,2025-06,食費,,,,,,,,,,,,,,,,,,,,,,,,,,
,6/16,7-Eleven,PayPay W,,-¥180,,,2025-06,食費,,,,,,,,,,,,,,,,,,,,,,,,,,
,6/19,7-Eleven,PayPay W,,-¥192,,,2025-06,食費,,,,,,,,,,,,,,,,,,,,,,,,,,
,6/19,7-Eleven,PayPay W,,"-¥2,803",,,2025-06,食費,,,,,,,,,,,,,,,,,,,,,,,,,,
,6/20,7-Eleven,PayPay W,,"-¥1,584",,,2025-06,食費,,,,,,,,,,,,,,,,,,,,,,,,,,
,6/20,Lawson,PayPay W,,-¥774,,,2025-06,食費,,,,,,,,,,,,,,,,,,,,,,,,,,
,6/26,Yoshinoya,PayPay W,,-¥998,,,2025-06,食費,,,,,,,,,,,,,,,,,,,,,,,,,,
,6/28,Peppy Coffee,PayPay W,,"-¥6,210",,,2025-06,食費,,,,,,,,,,,,,,,,,,,,,,,,,,
,6/28,Asakura Bakery,PayPay W,,"-¥1,315",,,2025-06,食費,,,,,,,,,,,,,,,,,,,,,,,,,,
,6/28,IKEA,PayPay W,,"-¥2,724",groceries,,2025-06,食費,,,,,,,,,,,,,,,,,,,,,,,,,,
,6/28,IKEA,PayPay W,,-¥100,hot dog,,2025-06,食費,,,,,,,,,,,,,,,,,,,,,,,,,,
,6/28,IKEA,PayPay W,,-¥200,dessert,,2025-06,食費,,,,,,,,,,,,,,,,,,,,,,,,,,
,6/29,銚子丸,PayPay W,,"-¥8,954",,,2025-06,食費,,,,,,,,,,,,,,,,,,,,,,,,,,
,6/29,7-Eleven,PayPay W,,-¥630,,,2025-06,食費,,,,,,,,,,,,,,,,,,,,,,,,,,
,6/4,Komeda,PayPay W,,"-¥2,820",,,2025-06,食費,,,,,,,,,,,,,,,,,,,,,,,,,,
,6/5,7-Eleven,PayPay W,,-¥180,,,2025-06,食費,,,,,,,,,,,,,,,,,,,,,,,,,,
,6/6,から好し,PayPay W,,"-¥3,477",,,2025-06,食費,,,,,,,,,,,,,,,,,,,,,,,,,,
,6/6,Hakuta,PayPay W,,"-¥1,730",,,2025-06,食費,,,,,,,,,,,,,,,,,,,,,,,,,,
,6/7,Macaroni Market,PayPay W,,"-¥6,622",,,2025-06,食費,,,,,,,,,,,,,,,,,,,,,,,,,,
,6/7,7-Eleven,PayPay W,,-¥180,,,2025-06,食費,,,,,,,,,,,,,,,,,,,,,,,,,,
,6/7,Macaroni Market,PayPay W,,"-¥1,222",,,2025-06,食費,,,,,,,,,,,,,,,,,,,,,,,,,,
,6/8,Tsumugi,PayPay W,,"-¥7,645",,,2025-06,食費,,,,,,,,,,,,,,,,,,,,,,,,,,
,6/8,7-Eleven,PayPay W,,"-¥3,628",,,2025-06,食費,,,,,,,,,,,,,,,,,,,,,,,,,,
諸々,,,,$0.00,"-¥229,574",¥0,,,,,,,,,,,,,,,,,,,,,,,,,,,,,
,6/2,daiso,paypay H,,"-¥1,206",,,2025-06,諸々,,,,,,,,,,,,,,,,,,,,,,,,,,
,6/3,西松屋,paypay H,,"-¥4,449",,,2025-06,諸々,,,,,,,,,,,,,,,,,,,,,,,,,,
,6/4,ココカラファイン,paypay H,,"-¥6,370",,,2025-06,諸々,,,,,,,,,,,,,,,,,,,,,,,,,,
,6/5,ジャンボ,paypay H,,-¥187,,,2025-06,諸々,,,,,,,,,,,,,,,,,,,,,,,,,,
,6/5,ジャンボ,paypay H,,-¥660,,,2025-06,諸々,,,,,,,,,,,,,,,,,,,,,,,,,,
,6/5,daiso,paypay H,,-¥550,,,2025-06,諸々,,,,,,,,,,,,,,,,,,,,,,,,,,
,6/5,サイゼリヤ,Prestia,,"-¥5,170",,,2025-06,諸々,,,,,,,,,,,,,,,,,,,,,,,,,,
,6/5,Amazon JP,paypay H,,"-¥9,090",,本,2025-06,諸々,,,,,,,,,,,,,,,,,,,,,,,,,,
,6/8,Amazon JP,paypay H,,"-¥2,407",,カグスベール,2025-06,諸々,,,,,,,,,,,,,,,,,,,,,,,,,,
,6/8,Amazon JP,paypay H,,-¥380,,ワッペン,2025-06,諸々,,,,,,,,,,,,,,,,,,,,,,,,,,
,6/8,Amazon JP,paypay H,,"-¥40,636",,プリンター,2025-06,諸々,,,,,,,,,,,,,,,,,,,,,,,,,,
,6/10,楽天バランスラボ,Prestia,,"-¥48,890",,玲用椅子,2025-06,諸々,,,,,,,,,,,,,,,,,,,,,,,,,,
,6/10,楽天cute family,Prestia,,"-¥2,855",,理咲ダンス用ドレス,2025-06,諸々,,,,,,,,,,,,,,,,,,,,,,,,,,
,6/11,楽天remax,Prestia,,"-¥3,140",,理咲用ダンス靴,2025-06,諸々,,,,,,,,,,,,,,,,,,,,,,,,,,
,6/11,Amazon JP,paypay H,,"-¥1,846",,絆創膏,2025-06,諸々,,,,,,,,,,,,,,,,,,,,,,,,,,
,6/16,daiso,paypay H,,-¥550,,,2025-06,諸々,,,,,,,,,,,,,,,,,,,,,,,,,,
,6/16,kaldi,paypay H,,-¥646,,,2025-06,諸々,,,,,,,,,,,,,,,,,,,,,,,,,,
,6/21,uniqlo ,paypay H,,"-¥2,990",,,2025-06,諸々,,,,,,,,,,,,,,,,,,,,,,,,,,
,6/22,Amazon JP,paypay H,,-¥770,,,2025-06,諸々,,,,,,,,,,,,,,,,,,,,,,,,,,
,6/22,Amazon JP,paypay H,,"-¥1,680",,,2025-06,諸々,,,,,,,,,,,,,,,,,,,,,,,,,,
,6/22,コニー,現金 H,,"-¥3,403",,,2025-06,諸々,,,,,,,,,,,,,,,,,,,,,,,,,,
,6/23,daiso,paypay H,,"-¥1,650",,,2025-06,諸々,,,,,,,,,,,,,,,,,,,,,,,,,,
,6/25,東急,paypay W,,"-¥6,145",,,2025-06,諸々,,,,,,,,,,,,,,,,,,,,,,,,,,
,6/26,東急,paypay W,,"-¥5,822",,,2025-06,諸々,,,,,,,,,,,,,,,,,,,,,,,,,,
,6/27,マツモトキヨシ,paypay H,,"-¥11,491",,,2025-06,諸々,,,,,,,,,,,,,,,,,,,,,,,,,,
,6/28,ikea,paypay H,,"-¥4,150",,,2025-06,諸々,,,,,,,,,,,,,,,,,,,,,,,,,,
,6/28,midas,paypay W,,"-¥50,200",二葉幼稚園制服,,2025-06,諸々,,,,,,,,,,,,,,,,,,,,,,,,,,
,6/30,daiso,paypay H,,"-¥1,100",,,2025-06,諸々,,,,,,,,,,,,,,,,,,,,,,,,,,
,6/30,マツモトキヨシ,paypay H,,"-¥4,732",,,2025-06,諸々,,,,,,,,,,,,,,,,,,,,,,,,,,
,6/12,文具ハウスジャンボ,PayPay W,,-¥594,,,2025-06,諸々,,,,,,,,,,,,,,,,,,,,,,,,,,
,6/13,ココカラファイン,PayPay W,,"-¥2,335",,,2025-06,諸々,,,,,,,,,,,,,,,,,,,,,,,,,,
,6/28,IKEA,PayPay W,,"-¥2,490",bench cushion,,2025-06,諸々,,,,,,,,,,,,,,,,,,,,,,,,,,
,6/5,マツキヨ,PayPay W,,-¥990,,,2025-06,諸々,,,,,,,,,,,,,,,,,,,,,,,,,,
医療,,,,$0.00,"-¥339,310",¥0,,,,,,,,,,,,,,,,,,,,,,,,,,,,,
,6/20,s ride km taxi,paypay H,,"-¥5,300",,,2025-06,医療,,,,,,,,,,,,,,,,,,,,,,,,,,
,6/20,米国式根幹治療センター,現金 H,,"-¥314,980",,,2025-06,医療,,,,,,,,,,,,,,,,,,,,,,,,,,
,6/21,東京ヤリカ自動車タクシー,paypay H,,"-¥13,080",,,2025-06,医療,,,,,,,,,,,,,,,,,,,,,,,,,,
,6/24,森島クリニック,現金 H,,"-¥2,090",,,2025-06,医療,,,,,,,,,,,,,,,,,,,,,,,,,,
,6/26,カラフル薬局,PayPay W,,"-¥1,770",,,2025-06,医療,,,,,,,,,,,,,,,,,,,,,,,,,,
,6/26,森嶋クリニック,Prestia,,"-¥2,090",,,2025-06,医療,,,,,,,,,,,,,,,,,,,,,,,,,,
玲お小遣い,,,,$0.00,"-¥2,112",¥0,,,,,,,,,,,,,,,,,,,,,,,,,,,,,
,6/17,Daiwa Books,,,"-¥1,892",,"Rey book ¥1100
W book ¥792",2025-06,玲お小遣い,,,,,,,,,,,,,,,,,,,,,,,,,,
,6/22,Daiso,PayPay W,,-¥220,,Rey coloring book ¥110,2025-06,玲お小遣い,,,,,,,,,,,,,,,,,,,,,,,,,,
ウィルおこづかい,,,,-$179.97,¥0,¥0,,,,,,,,,,,,,,,,,,,,,,,,,,,,,
,6/10,Patreon,USAA,-$5.00,,W spending,,2025-06,ウィルおこづかい,,,,,,,,,,,,,,,,,,,,,,,,,,
,6/13,Dropout,USAA,-$5.99,,W spending,,2025-06,ウィルおこづかい,,,,,,,,,,,,,,,,,,,,,,,,,,
,6/14,Sam Harris,USAA,-$149.99,,W spending,,2025-06,ウィルおこづかい,,,,,,,,,,,,,,,,,,,,,,,,,,
,6/4,YouTube Premium,USAA,-$13.99,,W spending,,2025-06,ウィルおこづかい,,,,,,,,,,,,,,,,,,,,,,,,,,
,6/8,Off Book,USAA,-$5.00,,W spending,,2025-06,ウィルおこづかい,,,,,,,,,,,,,,,,,,,,,,,,,,
USA,,,,-$87.94,¥0,¥0,,,,,,,,,,,,,,,,,,,,,,,,,,,,,
,6/13,Apple One,USAA,-$37.95,,,,2025-06,USA,,,,,,,,,,,,,,,,,,,,,,,,,,
,6/7,Carbon Copy Cloner,USAA,-$49.99,,,,2025-06,USA,,,,,,,,,,,,,,,,,,,,,,,,,,
医療費,,,,$0.00,"-¥62,105",¥0,,,,,,,,,,,,,,,,,,,,,,,,,,,,,
,6/10,Blossom Dental,PayPay W,,"-¥57,705",Rey mouth guard,,2025-06,医療費,,,,,,,,,,,,,,,,,,,,,,,,,,
,6/26,森嶋クリニック,Prestia,,"-¥2,090",,,2025-06,医療費,,,,,,,,,,,,,,,,,,,,,,,,,,
,6/6,杉田眼科,Prestia,,"-¥2,310",,,2025-06,医療費,,,,,,,,,,,,,,,,,,,,,,,,,,
2025-07,,,,$0.00,"¥1,131,523",,,,,,,,,,,,,,,,,,,,,,,,,,,,,,
給料,,,,$0.00,"¥1,571,593",¥0,,,,,,,,,,,,,,,,,,,,,,,,,,,,,
,7/25,facebook japan,,,"¥1,571,593",,,2025-07,給料,,,,,,,,,,,,,,,,,,,,,,,,,,
経費,,,,$0.00,"-¥54,164",¥0,,,,,,,,,,,,,,,,,,,,,,,,,,,,,
,7/3,dance place felice,paypay H,,"-¥2,000",,,2025-07,経費,,,,,,,,,,,,,,,,,,,,,,,,,,
,7/16,dance place felice,paypay H,,"-¥4,000",,,2025-07,経費,,,,,,,,,,,,,,,,,,,,,,,,,,
,7/17,dance place felice,paypay H,,"-¥2,000",,,2025-07,経費,,,,,,,,,,,,,,,,,,,,,,,,,,
,7/24,dance place felice,paypay H,,"-¥2,000",,,2025-07,経費,,,,,,,,,,,,,,,,,,,,,,,,,,
,7/25,dance place felice,paypay H,,"-¥4,000",,,2025-07,経費,,,,,,,,,,,,,,,,,,,,,,,,,,
,7/30,dance place felice,paypay H,,"-¥2,000",,,2025-07,経費,,,,,,,,,,,,,,,,,,,,,,,,,,
,7/31,dance place felice,paypay H,,"-¥2,000",,,2025-07,経費,,,,,,,,,,,,,,,,,,,,,,,,,,
,7/21,Eneos,W cash,,"-¥6,884",Eneos gas,,2025-07,経費,,,,,,,,,,,,,,,,,,,,,,,,,,
,7/21,Times,W cash,,-¥880,Times parking,,2025-07,経費,,,,,,,,,,,,,,,,,,,,,,,,,,
,7/24,Park,W PayPay,,"-¥3,200",Park Avenue parking,,2025-07,経費,,,,,,,,,,,,,,,,,,,,,,,,,,
,7/31,Kitanomaru parking,Prestia,,"-¥3,000",Kitanomaru parking,,2025-07,経費,,,,,,,,,,,,,,,,,,,,,,,,,,
,7/23,Takashimaya parking,W PayPay,,"-¥1,200",Takashimaya parking,,2025-07,経費,,,,,,,,,,,,,,,,,,,,,,,,,,
,7/25,Eneos,W cash,,"-¥7,700",Eneos car wash W cash,,2025-07,経費,,,,,,,,,,,,,,,,,,,,,,,,,,
,7/25,Eneos,W cash,,"-¥5,100",Eneos gas W cash,,2025-07,経費,,,,,,,,,,,,,,,,,,,,,,,,,,
,7/25,カナマチぷらっと,W PayPay,,"-¥1,700",カナマチぷらっと dance studio,,2025-07,経費,,,,,,,,,,,,,,,,,,,,,,,,,,
,7/28,coin parking,W PayPay,,"-¥2,000",coin parking,,2025-07,経費,,,,,,,,,,,,,,,,,,,,,,,,,,
,7/28,Apple parking,W cash,,"-¥1,700",Apple parking W cash,,2025-07,経費,,,,,,,,,,,,,,,,,,,,,,,,,,
,7/29,Smooth,W PayPay,,"-¥2,800",Smooth parking,,2025-07,経費,,,,,,,,,,,,,,,,,,,,,,,,,,
食費,,,,$0.00,"-¥174,967",¥0,,,,,,,,,,,,,,,,,,,,,,,,,,,,,
,7/1,東急,paypay W,,"-¥4,705",,,2025-07,食費,,,,,,,,,,,,,,,,,,,,,,,,,,
,7/2,東急,paypay W,,"-¥3,298",,,2025-07,食費,,,,,,,,,,,,,,,,,,,,,,,,,,
,7/2,さぼてん,paypay W,,"-¥1,325",,,2025-07,食費,,,,,,,,,,,,,,,,,,,,,,,,,,
,7/3,東急,paypay H,,"-¥1,524",,,2025-07,食費,,,,,,,,,,,,,,,,,,,,,,,,,,
,7/3,flo,paypay H,,"-¥1,431",,,2025-07,食費,,,,,,,,,,,,,,,,,,,,,,,,,,
,7/3,文明堂,paypay H,,"-¥1,296",,,2025-07,食費,,,,,,,,,,,,,,,,,,,,,,,,,,
,7/4,lawson 中央林間,paypay H,,-¥118,,,2025-07,食費,,,,,,,,,,,,,,,,,,,,,,,,,,
,7/4,大井食品館,paypay H,,"-¥2,170",,,2025-07,食費,,,,,,,,,,,,,,,,,,,,,,,,,,
,7/5,7-Eleven,nanaco H,,"-¥3,492",,,2025-07,食費,,,,,,,,,,,,,,,,,,,,,,,,,,
,7/6,東急,paypay H,,"-¥2,721",,,2025-07,食費,,,,,,,,,,,,,,,,,,,,,,,,,,
,7/6,kaldi,paypay H,,"-¥2,181",,,2025-07,食費,,,,,,,,,,,,,,,,,,,,,,,,,,
,7/6,ikea,paypay H,,-¥300,,,2025-07,食費,,,,,,,,,,,,,,,,,,,,,,,,,,
,7/7,7-Eleven,paypay H,,"-¥1,631",,,2025-07,食費,,,,,,,,,,,,,,,,,,,,,,,,,,
,7/7,東急,paypay W,,"-¥10,335",,,2025-07,食費,,,,,,,,,,,,,,,,,,,,,,,,,,
,7/8,東急,paypay H,,"-¥6,301",,,2025-07,食費,,,,,,,,,,,,,,,,,,,,,,,,,,
,7/8,flo,paypay H,,"-¥1,835",,,2025-07,食費,,,,,,,,,,,,,,,,,,,,,,,,,,
,7/8,さぼてん,paypay H,,"-¥1,325",,,2025-07,食費,,,,,,,,,,,,,,,,,,,,,,,,,,
,7/8,大井食品館,paypay H,,"-¥2,138",,,2025-07,食費,,,,,,,,,,,,,,,,,,,,,,,,,,
,7/9,東急,paypay W,,"-¥3,758",,,2025-07,食費,,,,,,,,,,,,,,,,,,,,,,,,,,
,7/10,東急,paypay W,,"-¥3,039",,,2025-07,食費,,,,,,,,,,,,,,,,,,,,,,,,,,
,7/10,楽天　海鮮小樽,paypay H,,¥0,,,2025-07,食費,,,,,,,,,,,,,,,,,,,,,,,,,,
,7/11,いなげや,paypay H,,-¥281,,,2025-07,食費,,,,,,,,,,,,,,,,,,,,,,,,,,
,7/12,東急,paypay W,,"-¥7,373",,,2025-07,食費,,,,,,,,,,,,,,,,,,,,,,,,,,
,7/13,コモディイイダ,PayPay W,,"-¥2,577",,,2025-07,食費,,,,,,,,,,,,,,,,,,,,,,,,,,
,7/14,vie de france,paypay H,,"-¥2,250",,,2025-07,食費,,,,,,,,,,,,,,,,,,,,,,,,,,
,7/14,東急,paypay H,,"-¥5,970",,,2025-07,食費,,,,,,,,,,,,,,,,,,,,,,,,,,
,7/16,7-Eleven,nanaco H,,"-¥4,019",,,2025-07,食費,,,,,,,,,,,,,,,,,,,,,,,,,,
,7/16,東急,paypay H,,"-¥3,328",,,2025-07,食費,,,,,,,,,,,,,,,,,,,,,,,,,,
,7/17,hakuta,paypay H,,"-¥3,960",,,2025-07,食費,,,,,,,,,,,,,,,,,,,,,,,,,,
,7/17,東急,paypay H,,"-¥1,968",,,2025-07,食費,,,,,,,,,,,,,,,,,,,,,,,,,,
,7/18,7-Eleven,nanaco H,,-¥660,,,2025-07,食費,,,,,,,,,,,,,,,,,,,,,,,,,,
,7/18,7-Eleven,nanaco H,,"-¥2,831",,,2025-07,食費,,,,,,,,,,,,,,,,,,,,,,,,,,
,7/19,東急,paypay H,,"-¥7,761",,,2025-07,食費,,,,,,,,,,,,,,,,,,,,,,,,,,
,7/20,Ikea,PayPay W,,"¥5,830",Ikea food,,2025-07,食費,,,,,,,,,,,,,,,,,,,,,,,,,,
,7/21,アトレ大井町　ハオチャオズ,paypay H,,-¥542,,,2025-07,食費,,,,,,,,,,,,,,,,,,,,,,,,,,
,7/21,アトレ大井町　グリーングルメ,paypay H,,"-¥3,133",,,2025-07,食費,,,,,,,,,,,,,,,,,,,,,,,,,,
,7/21,アトレ大井町　カンナムキンパ,paypay H,,-¥860,,,2025-07,食費,,,,,,,,,,,,,,,,,,,,,,,,,,
,7/21,アトレ大井町　権兵衛,現金 H,,-¥600,,,2025-07,食費,,,,,,,,,,,,,,,,,,,,,,,,,,
,7/22,東急,paypay H,,"-¥4,899",,,2025-07,食費,,,,,,,,,,,,,,,,,,,,,,,,,,
,7/22,7-Eleven,PayPay W,,-¥220,7-Eleven,,2025-07,食費,,,,,,,,,,,,,,,,,,,,,,,,,,
,7/23,東急,paypay H,,"-¥3,922",,,2025-07,食費,,,,,,,,,,,,,,,,,,,,,,,,,,
,7/23,fepa,paypay H,,"-¥5,566",,,2025-07,食費,,,,,,,,,,,,,,,,,,,,,,,,,,
,7/23,flo,paypay H,,"-¥1,287",,,2025-07,食費,,,,,,,,,,,,,,,,,,,,,,,,,,
,7/23,東急,paypay H,,"-¥2,409",,,2025-07,食費,,,,,,,,,,,,,,,,,,,,,,,,,,
,7/24,東急,paypay H,,"-¥3,635",,,2025-07,食費,,,,,,,,,,,,,,,,,,,,,,,,,,
,7/24,7-Eleven,PayPay W,,"-¥1,022",7-Eleven,,2025-07,食費,,,,,,,,,,,,,,,,,,,,,,,,,,
,7/26,fepa,paypay H,,-¥486,,,2025-07,食費,,,,,,,,,,,,,,,,,,,,,,,,,,
,7/26,楽天　海鮮小樽,Prestia,,-¥971,,,2025-07,食費,,,,,,,,,,,,,,,,,,,,,,,,,,
,7/27,costco,現金 H,,-¥300,,,2025-07,食費,,,,,,,,,,,,,,,,,,,,,,,,,,
,7/28,東急,paypay W,,"-¥3,714",,,2025-07,食費,,,,,,,,,,,,,,,,,,,,,,,,,,
,7/28,Kaldi,PayPay W,,"-¥1,598",Kaldi coffee,,2025-07,食費,,,,,,,,,,,,,,,,,,,,,,,,,,
,7/29,flo,paypay W,,"-¥1,498",,,2025-07,食費,,,,,,,,,,,,,,,,,,,,,,,,,,
,7/29,東急,Paypay W,,"-¥2,892",,,2025-07,食費,,,,,,,,,,,,,,,,,,,,,,,,,,
,7/29,Family,PayPay W,,-¥408,Family Mart,,2025-07,食費,,,,,,,,,,,,,,,,,,,,,,,,,,
,7/30,東急,paypay H,,"-¥7,893",,,2025-07,食費,,,,,,,,,,,,,,,,,,,,,,,,,,
,7/30,7-Eleven,nanaco H,,"-¥2,823",,,2025-07,食費,,,,,,,,,,,,,,,,,,,,,,,,,,
,7/30,flo,paypay H,,"-¥1,492",,,2025-07,食費,,,,,,,,,,,,,,,,,,,,,,,,,,
,7/30,Jinbouchou Book Center food,PayPay W,,"-¥4,380",food and work space,,2025-07,食費,,,,,,,,,,,,,,,,,,,,,,,,,,
,7/31,東急,paypay W,,"-¥2,887",,,2025-07,食費,,,,,,,,,,,,,,,,,,,,,,,,,,
,7/31,Cafe,PayPay W,,-¥790,Cafe 33,,2025-07,食費,,,,,,,,,,,,,,,,,,,,,,,,,,
,7/31,Cafe,PayPay W,,-¥700,Cafe 33,,2025-07,食費,,,,,,,,,,,,,,,,,,,,,,,,,,
,7/31,Family,PayPay W,,-¥946,Family Mart,,2025-07,食費,,,,,,,,,,,,,,,,,,,,,,,,,,
,7/22,Takakuramachi coffee,W PayPay,,"-¥2,910",Takakuramachi coffee,,2025-07,食費,,,,,,,,,,,,,,,,,,,,,,,,,,
,7/28,Little Darling Coffee Roasters,W PayPay,,"-¥2,680",Little Darling Coffee Roasters,,2025-07,食費,,,,,,,,,,,,,,,,,,,,,,,,,,
,7/28,Little Darling Coffee Roasters,W PayPay,,"-¥1,500",,,2025-07,食費,,,,,,,,,,,,,,,,,,,,,,,,,,
,7/26,Choushimaru,W PayPay,,"-¥10,747",,,2025-07,食費,,,,,,,,,,,,,,,,,,,,,,,,,,
,7/25,Shake Shack,W PayPay,,"-¥2,618",,,2025-07,食費,,,,,,,,,,,,,,,,,,,,,,,,,,
,7/25,7-11,W PayPay,,-¥568,7-11,,2025-07,食費,,,,,,,,,,,,,,,,,,,,,,,,,,
諸々,,,,$0.00,"-¥140,634",¥0,,,,,,,,,,,,,,,,,,,,,,,,,,,,,
,7/2,Amazon JP,paypay H,,"-¥1,876",,,2025-07,諸々,,,,,,,,,,,,,,,,,,,,,,,,,,
,7/3,郵便局,paypay H,,"-¥1,960",,,2025-07,諸々,,,,,,,,,,,,,,,,,,,,,,,,,,
,7/6,ikea,paypay H,,-¥599,,,2025-07,諸々,,,,,,,,,,,,,,,,,,,,,,,,,,
,7/10,Amazon JP,paypay H,,"-¥11,781",,,2025-07,諸々,,,,,,,,,,,,,,,,,,,,,,,,,,
,7/11,seria,paypay H,,-¥440,,,2025-07,諸々,,,,,,,,,,,,,,,,,,,,,,,,,,
,7/13,Amazon JP,paypay H,,"-¥17,306",,,2025-07,諸々,,,,,,,,,,,,,,,,,,,,,,,,,,
,7/14,daiso,paypay H,,-¥330,,,2025-07,諸々,,,,,,,,,,,,,,,,,,,,,,,,,,
,7/16,マツモトキヨシ,paypay H,,"-¥4,029",,,2025-07,諸々,,,,,,,,,,,,,,,,,,,,,,,,,,
,7/17,マツモトキヨシ,paypay H,,"-¥1,464",,,2025-07,諸々,,,,,,,,,,,,,,,,,,,,,,,,,,
,7/20,seria,paypay H,,-¥330,,,2025-07,諸々,,,,,,,,,,,,,,,,,,,,,,,,,,
,7/23,ココカラファイン,paypay H,,"-¥4,639",,,2025-07,諸々,,,,,,,,,,,,,,,,,,,,,,,,,,
,7/24,イトーヨーカドー,nanaco H,,"-¥3,498",,,2025-07,諸々,,,,,,,,,,,,,,,,,,,,,,,,,,
,7/24,無印,paypay H,,"-¥2,900",,,2025-07,諸々,,,,,,,,,,,,,,,,,,,,,,,,,,
,7/24,daiso,paypay H,,-¥548,,,2025-07,諸々,,,,,,,,,,,,,,,,,,,,,,,,,,
,7/24,uniqlo,paypay H ,,"-¥9,220",,,2025-07,諸々,,,,,,,,,,,,,,,,,,,,,,,,,,
,7/24,the french toast factory,paypay H,,"-¥3,168",,,2025-07,諸々,,,,,,,,,,,,,,,,,,,,,,,,,,
,7/24,Amazon JP,paypay H,,"-¥6,045",,,2025-07,諸々,,,,,,,,,,,,,,,,,,,,,,,,,,
,7/25,マツモトキヨシ,paypay H,,-¥603,,,2025-07,諸々,,,,,,,,,,,,,,,,,,,,,,,,,,
,7/25,Pamm,W PayPay,,"-¥31,090",Pamm clothing,,2025-07,諸々,,,,,,,,,,,,,,,,,,,,,,,,,,
,7/27,Laugh Laugh,paypay W,,"-¥3,399",,,2025-07,諸々,,,,,,,,,,,,,,,,,,,,,,,,,,
,7/27,sanki,paypay H,,"-¥7,693",,,2025-07,諸々,,,,,,,,,,,,,,,,,,,,,,,,,,
,7/27,seria,paypay H,,-¥110,,,2025-07,諸々,,,,,,,,,,,,,,,,,,,,,,,,,,
,7/28,パスモチャージ,現金 H,,"-¥5,000",,,2025-07,諸々,,,,,,,,,,,,,,,,,,,,,,,,,,
,7/28,ココカラファイン,paypay H,,"-¥2,957",,,2025-07,諸々,,,,,,,,,,,,,,,,,,,,,,,,,,
,7/31,Amazon JP,paypay H,,"-¥14,818",,,2025-07,諸々,,,,,,,,,,,,,,,,,,,,,,,,,,
,7/31,楽天fashion,Prestia,,"-¥4,831",,,2025-07,諸々,,,,,,,,,,,,,,,,,,,,,,,,,,
Wお小遣い,,,,$0.00,"-¥8,947",¥0,,,,,,,,,,,,,,,,,,,,,,,,,,,,,
,7/30,Sanseidou,W PayPay,,"-¥1,463",Sanseidou W spending,,2025-07,Wお小遣い,,,,,,,,,,,,,,,,,,,,,,,,,,
,7/23,Kinokuniya books,W PayPay,,"-¥7,484",Kinokuniya books W okozukai,,2025-07,Wお小遣い,,,,,,,,,,,,,,,,,,,,,,,,,,
医療費,,,,$0.00,"-¥58,490",¥0,,,,,,,,,,,,,,,,,,,,,,,,,,,,,
,7/8,米国式根幹治療センター,現金 H,,"-¥58,000",,,2025-07,医療費,,,,,,,,,,,,,,,,,,,,,,,,,,
,7/17,なの花薬局,paypay H,,-¥490,,,2025-07,医療費,,,,,,,,,,,,,,,,,,,,,,,,,,
玲お小遣い,,,,$0.00,"-¥2,868",¥0,,,,,,,,,,,,,,,,,,,,,,,,,,,,,
,7/26,Daiso,W PayPay,,-¥110,Daiso Rey balloon Rey okozukai,,2025-07,玲お小遣い,,,,,,,,,,,,,,,,,,,,,,,,,,
,7/31,Daiso,PayPay W,,-¥110,Daiso Rey origami,,2025-07,玲お小遣い,,,,,,,,,,,,,,,,,,,,,,,,,,
,7/31,大和書店,現金 H,,"-¥2,648",,玲おばけずかん,2025-07,玲お小遣い,,,,,,,,,,,,,,,,,,,,,,,,,,
2025-08,,,,$0.00,"-¥518,175",,,,,,,,,,,,,,,,,,,,,,,,,,,,,,
経費,,,,$0.00,"-¥80,500",¥0,,,,,,,,,,,,,,,,,,,,,,,,,,,,,
,8/1,沓澤先生,Prestia,,-¥60000,７月３回＋8/1　４回分,,2025-08,経費,,,,,,,,,,,,,,,,,,,,,,,,,,
,8/1,Eneos,W cash,,"-¥5,500",Eneos tire repair,,2025-08,経費,,,,,,,,,,,,,,,,,,,,,,,,,,
,8/5,dance place felice,paypay H,,"-¥2,000",,,2025-08,経費,,,,,,,,,,,,,,,,,,,,,,,,,,
,8/6,dance place felice,paypay H,,"-¥3,000",,,2025-08,経費,,,,,,,,,,,,,,,,,,,,,,,,,,
,8/7,dance place felice,paypay H,,"-¥2,500",,,2025-08,経費,,,,,,,,,,,,,,,,,,,,,,,,,,
,8/23,dance place felice,paypay H,,"-¥2,500",,,2025-08,経費,,,,,,,,,,,,,,,,,,,,,,,,,,
,8/26,dance place felice,paypay H,,"-¥2,500",,,2025-08,経費,,,,,,,,,,,,,,,,,,,,,,,,,,
,8/28,dance place felice,paypay H,,"-¥2,500",,,2025-08,経費,,,,,,,,,,,,,,,,,,,,,,,,,,
,,,,,,,,2025-08,経費,,,,,,,,,,,,,,,,,,,,,,,,,,
食費,,,,$0.00,"-¥35,968",¥0,,,,,,,,,,,,,,,,,,,,,,,,,,,,,
,8/1,楽天　海鮮小樽,Prestia,,"-¥3,047",,,2025-08,食費,,,,,,,,,,,,,,,,,,,,,,,,,,
,8/3,大井食品館,paypay H,,-¥583,,,2025-08,食費,,,,,,,,,,,,,,,,,,,,,,,,,,
,8/3,大井食品館,paypay H,,"-¥3,056",,,2025-08,食費,,,,,,,,,,,,,,,,,,,,,,,,,,
,8/3,イトーヨーカドー大井町　mister donut,paypay H,,"-¥1,680",,,2025-08,食費,,,,,,,,,,,,,,,,,,,,,,,,,,
,8/3,アトレ大井町　無印,現金 H,,"-¥1,360",,,2025-08,食費,,,,,,,,,,,,,,,,,,,,,,,,,,
,8/5,レイクタウン　タニタ食堂,paypay H ,,"-¥1,199",,,2025-08,食費,,,,,,,,,,,,,,,,,,,,,,,,,,
,8/5,マイバスケット,現金 H,,-¥146,,,2025-08,食費,,,,,,,,,,,,,,,,,,,,,,,,,,
,8/6,東急,paypay H,,"-¥6,342",,,2025-08,食費,,,,,,,,,,,,,,,,,,,,,,,,,,
,8/8,東急,paypay H,,"-¥1,980",,,2025-08,食費,,,,,,,,,,,,,,,,,,,,,,,,,,
,8/18,7-Eleven,paypay H,,"-¥3,499",,,2025-08,食費,,,,,,,,,,,,,,,,,,,,,,,,,,
,8/20,東急,paypay H,,"-¥5,870",,,2025-08,食費,,,,,,,,,,,,,,,,,,,,,,,,,,
,8/22,7-Eleven,paypay H,,"-¥3,602",,,2025-08,食費,,,,,,,,,,,,,,,,,,,,,,,,,,
,8/25,東急,paypay H,,"-¥3,604",,,2025-08,食費,,,,,,,,,,,,,,,,,,,,,,,,,,
諸々,,,,$0.00,"-¥82,540",¥0,,,,,,,,,,,,,,,,,,,,,,,,,,,,,
,8/2,fruta 美容院,paypay H,,"-¥4,950",,,2025-08,諸々,,,,,,,,,,,,,,,,,,,,,,,,,,
,8/3,アトレ大井町　靴下屋,paypay H,,"-¥3,696",,,2025-08,諸々,,,,,,,,,,,,,,,,,,,,,,,,,,
,8/3,アトレ大井町　uniqlo,paypay H,,"-¥15,000",,,2025-08,諸々,,,,,,,,,,,,,,,,,,,,,,,,,,
,8/3,Amazon JP,paypay H,,"-¥2,965",,,2025-08,諸々,,,,,,,,,,,,,,,,,,,,,,,,,,
,8/4,マツモトキヨシ,paypay H,,-¥879,,,2025-08,諸々,,,,,,,,,,,,,,,,,,,,,,,,,,
,8/4,イオンスタイル　レイクタウン,paypay H,,-¥836,,,2025-08,諸々,,,,,,,,,,,,,,,,,,,,,,,,,,
,8/4,レイクタウン　無印,paypay H,,"-¥4,840",,,2025-08,諸々,,,,,,,,,,,,,,,,,,,,,,,,,,
,8/4,daiso,paypay H,,-¥660,,,2025-08,諸々,,,,,,,,,,,,,,,,,,,,,,,,,,
,8/4,マツモトキヨシ,paypay H,,"-¥1,550",,,2025-08,諸々,,,,,,,,,,,,,,,,,,,,,,,,,,
,8/4,レイクタウン petit main,paypay H,,"-¥5,276",,,2025-08,諸々,,,,,,,,,,,,,,,,,,,,,,,,,,
,8/5,edwin,paypay H,,"-¥6,820",,,2025-08,諸々,,,,,,,,,,,,,,,,,,,,,,,,,,
,8/5,ユニクロ,paypay H,,"-¥6,950",,,2025-08,諸々,,,,,,,,,,,,,,,,,,,,,,,,,,
,8/6,サンドラッグ,paypay H,,-¥249,,,2025-08,諸々,,,,,,,,,,,,,,,,,,,,,,,,,,
,8/6,daiso,paypay H,,-¥330,,,2025-08,諸々,,,,,,,,,,,,,,,,,,,,,,,,,,
,8/8,daiso,paypay H,,-¥110,,,2025-08,諸々,,,,,,,,,,,,,,,,,,,,,,,,,,
,8/8,ココカラファイン,paypay H,,"-¥1,452",,,2025-08,諸々,,,,,,,,,,,,,,,,,,,,,,,,,,
,8/8,daiso,paypay H,,-¥660,,,2025-08,諸々,,,,,,,,,,,,,,,,,,,,,,,,,,
,8/9,しまむら,paypay H,,"-¥9,955",,,2025-08,諸々,,,,,,,,,,,,,,,,,,,,,,,,,,
,8/10,しまむら,paypay H,,"-¥5,137",,,2025-08,諸々,,,,,,,,,,,,,,,,,,,,,,,,,,
,8/19,Amazon JP,paypay H,,"-¥3,675",,,2025-08,諸々,,,,,,,,,,,,,,,,,,,,,,,,,,
,8/20,daiso,paypay H ,,-¥440,,,2025-08,諸々,,,,,,,,,,,,,,,,,,,,,,,,,,
,8/24,Parking,W cash,,"-¥1,600",,,2025-08,諸々,,,,,,,,,,,,,,,,,,,,,,,,,,
,8/25,skids garden イオンレイク,paypay H,,"-¥4,400",,,2025-08,諸々,,,,,,,,,,,,,,,,,,,,,,,,,,
,8/25,daiso,paypay H,,-¥110,,,2025-08,諸々,,,,,,,,,,,,,,,,,,,,,,,,,,
医療費,,,,$0.00,"-¥2,860",¥0,,,,,,,,,,,,,,,,,,,,,,,,,,,,,
,8/8,なか皮膚科,現金 H,,"-¥2,860",,玲　魚の目,2025-08,医療費,,,,,,,,,,,,,,,,,,,,,,,,,,
寛子お小遣い,,,,$0.00,-¥990,¥0,,,,,,,,,,,,,,,,,,,,,,,,,,,,,
,8/4,レイクタウン lattice,paypay H,,-¥990,,,2025-08,寛子お小遣い,,,,,,,,,,,,,,,,,,,,,,,,,,
玲お小遣い,,,,$0.00,"-¥2,750",¥0,,,,,,,,,,,,,,,,,,,,,,,,,,,,,
,8/5,大和書店,現金 H,,"-¥1,320",,玲　がっこうのおばけずかん,2025-08,玲お小遣い,,,,,,,,,,,,,,,,,,,,,,,,,,
,8/26,大和書店,現金 H,,"-¥1,430",,ポケモン生態図鑑,2025-08,玲お小遣い,,,,,,,,,,,,,,,,,,,,,,,,,,
東北旅行,,,,$0.00,"-¥312,567",¥0,,,,,,,,,,,,,,,,,,,,,,,,,,,,,
,8/11,常磐観光　友部サービスエリア,現金 H,,-¥410,,水,2025-08,東北旅行,,,,,,,,,,,,,,,,,,,,,,,,,,
,8/11,福島会津大内宿駐車代,現金 H,,-¥500,,,2025-08,東北旅行,,,,,,,,,,,,,,,,,,,,,,,,,,
,8/12,川崎インターチェンジ　アポロ,現金 H,,"-¥7,950",,,2025-08,東北旅行,,,,,,,,,,,,,,,,,,,,,,,,,,
,8/13,なまはげ館 お土産,現金 H,,"-¥2,184",,,2025-08,東北旅行,,,,,,,,,,,,,,,,,,,,,,,,,,
,8/13,なまはげ館　入館料,現金 H,,"-¥2,860",,,2025-08,東北旅行,,,,,,,,,,,,,,,,,,,,,,,,,,
,8/13,ファーマーズマルシェ,現金 H,,"-¥2,400",,,2025-08,東北旅行,,,,,,,,,,,,,,,,,,,,,,,,,,
,8/13,鶴岡市　加茂水族館,paypay H,,"-¥3,500",,,2025-08,東北旅行,,,,,,,,,,,,,,,,,,,,,,,,,,
,8/14,イオン東北,現金 H,,-¥740,,,2025-08,東北旅行,,,,,,,,,,,,,,,,,,,,,,,,,,
,8/14,ねぶたワラッセ駐車代,現金 H,,-¥330,,,2025-08,東北旅行,,,,,,,,,,,,,,,,,,,,,,,,,,
,8/14,Starbucks 弘前公園,paypay H,,-¥675,,,2025-08,東北旅行,,,,,,,,,,,,,,,,,,,,,,,,,,
,8/14,lawson 八戸市,paypay H,,"-¥1,303",,,2025-08,東北旅行,,,,,,,,,,,,,,,,,,,,,,,,,,
,8/15,いわて生協 ベルフ八幡平,,,"-¥3,863",,,2025-08,東北旅行,,,,,,,,,,,,,,,,,,,,,,,,,,
,8/16,幽玄洞,paypay H,,"-¥2,600",,,2025-08,東北旅行,,,,,,,,,,,,,,,,,,,,,,,,,,
,8/17,happy berry 矢吹,現金 H,,"-¥1,002",,,2025-08,東北旅行,,,,,,,,,,,,,,,,,,,,,,,,,,
,8/17,松島　瑞厳寺,現金,,,,,2025-08,東北旅行,,,,,,,,,,,,,,,,,,,,,,,,,,
,8/24,まさきに返金,現金,,"-¥280,550",,ホテル、食事、サンシェード、タイヤ交換,2025-08,東北旅行,,,,,,,,,,,,,,,,,,,,,,,,,,
,,松島汽船,,,,,,2025-08,東北旅行,,,,,,,,,,,,,,,,,,,,,,,,,,
,,那須ロープウェイ,,,,,,2025-08,東北旅行,,,,,,,,,,,,,,,,,,,,,,,,,,
,,弘前市役所駐車場,,,,,,2025-08,東北旅行,,,,,,,,,,,,,,,,,,,,,,,,,,
,,平泉観光レストセンター駐車代,,,-¥400,,,2025-08,東北旅行,,,,,,,,,,,,,,,,,,,,,,,,,,
,,達谷窟毘沙門堂　拝観料,,,,,,2025-08,東北旅行,,,,,,,,,,,,,,,,,,,,,,,,,,
,,中尊寺金色堂　拝観料,,,,,,2025-08,東北旅行,,,,,,,,,,,,,,,,,,,,,,,,,,
,,弘前城　入園料,,,,,,2025-08,東北旅行,,,,,,,,,,,,,,,,,,,,,,,,,,
,,山寺　入園料,,,,,,2025-08,東北旅行,,,,,,,,,,,,,,,,,,,,,,,,,,
,,ねぶた祭り　ワラッセ,,,,,,2025-08,東北旅行,,,,,,,,,,,,,,,,,,,,,,,,,,
,,中尊寺　駐車代,,,,,,2025-08,東北旅行,,,,,,,,,,,,,,,,,,,,,,,,,,
,,円通院,現金,,"-¥1,300",,,2025-08,東北旅行,,,,,,,,,,,,,,,,,,,,,,,,,,
(blank),,,,$0.00,¥0,,,,,,,,,,,,,,,,,,,,,,,,,,,,,,
(blank),,,,$0.00,¥0,¥0,,,,,,,,,,,,,,,,,,,,,,,,,,,,,
